<?xml version="1.0" encoding="ISO-8859-1"?><pnml>
<net id="Net-One" type="P/T net">
<token id="Default" enabled="true" red="0" green="0" blue="0"/>
<place id="Cola0">
<graphics>
<position x="210.0" y="330.0"/>
</graphics>
<name>
<value>Cola0</value>
<graphics>
<offset x="0.0" y="0.0"/>
</graphics>
</name>
<initialMarking>
<value>Default,0</value>
<graphics>
<offset x="0.0" y="0.0"/>
</graphics>
</initialMarking>
<capacity>
<value>0</value>
</capacity>
</place>
<place id="Cola1">
<graphics>
<position x="660.0" y="795.0"/>
</graphics>
<name>
<value>Cola1</value>
<graphics>
<offset x="0.0" y="0.0"/>
</graphics>
</name>
<initialMarking>
<value>Default,0</value>
<graphics>
<offset x="0.0" y="0.0"/>
</graphics>
</initialMarking>
<capacity>
<value>0</value>
</capacity>
</place>
<place id="Cola2">
<graphics>
<position x="1140.0" y="360.0"/>
</graphics>
<name>
<value>Cola2</value>
<graphics>
<offset x="0.0" y="0.0"/>
</graphics>
</name>
<initialMarking>
<value>Default,0</value>
<graphics>
<offset x="0.0" y="0.0"/>
</graphics>
</initialMarking>
<capacity>
<value>0</value>
</capacity>
</place>
<place id="Cola3">
<graphics>
<position x="1215.0" y="105.0"/>
</graphics>
<name>
<value>Cola3</value>
<graphics>
<offset x="0.0" y="0.0"/>
</graphics>
</name>
<initialMarking>
<value>Default,0</value>
<graphics>
<offset x="0.0" y="0.0"/>
</graphics>
</initialMarking>
<capacity>
<value>0</value>
</capacity>
</place>
<place id="CPU0">
<graphics>
<position x="75.0" y="240.0"/>
</graphics>
<name>
<value>CPU0</value>
<graphics>
<offset x="0.0" y="0.0"/>
</graphics>
</name>
<initialMarking>
<value>Default,1</value>
<graphics>
<offset x="0.0" y="0.0"/>
</graphics>
</initialMarking>
<capacity>
<value>0</value>
</capacity>
</place>
<place id="CPU1">
<graphics>
<position x="555.0" y="945.0"/>
</graphics>
<name>
<value>CPU1</value>
<graphics>
<offset x="0.0" y="0.0"/>
</graphics>
</name>
<initialMarking>
<value>Default,1</value>
<graphics>
<offset x="0.0" y="0.0"/>
</graphics>
</initialMarking>
<capacity>
<value>0</value>
</capacity>
</place>
<place id="CPU2">
<graphics>
<position x="1305.0" y="510.0"/>
</graphics>
<name>
<value>CPU2</value>
<graphics>
<offset x="0.0" y="0.0"/>
</graphics>
</name>
<initialMarking>
<value>Default,1</value>
<graphics>
<offset x="0.0" y="0.0"/>
</graphics>
</initialMarking>
<capacity>
<value>0</value>
</capacity>
</place>
<place id="CPU3">
<graphics>
<position x="1410.0" y="165.0"/>
</graphics>
<name>
<value>CPU3</value>
<graphics>
<offset x="0.0" y="0.0"/>
</graphics>
</name>
<initialMarking>
<value>Default,1</value>
<graphics>
<offset x="0.0" y="0.0"/>
</graphics>
</initialMarking>
<capacity>
<value>0</value>
</capacity>
</place>
<place id="Habilitacion0">
<graphics>
<position x="420.0" y="360.0"/>
</graphics>
<name>
<value>Habilitacion0</value>
<graphics>
<offset x="0.0" y="0.0"/>
</graphics>
</name>
<initialMarking>
<value>Default,0</value>
<graphics>
<offset x="0.0" y="0.0"/>
</graphics>
</initialMarking>
<capacity>
<value>0</value>
</capacity>
</place>
<place id="Habilitacion1">
<graphics>
<position x="660.0" y="645.0"/>
</graphics>
<name>
<value>Habilitacion1</value>
<graphics>
<offset x="0.0" y="0.0"/>
</graphics>
</name>
<initialMarking>
<value>Default,0</value>
<graphics>
<offset x="0.0" y="0.0"/>
</graphics>
</initialMarking>
<capacity>
<value>0</value>
</capacity>
</place>
<place id="Habilitacion2">
<graphics>
<position x="945.0" y="360.0"/>
</graphics>
<name>
<value>Habilitacion2</value>
<graphics>
<offset x="0.0" y="0.0"/>
</graphics>
</name>
<initialMarking>
<value>Default,0</value>
<graphics>
<offset x="0.0" y="0.0"/>
</graphics>
</initialMarking>
<capacity>
<value>0</value>
</capacity>
</place>
<place id="Habilitacion3">
<graphics>
<position x="690.0" y="165.0"/>
</graphics>
<name>
<value>Habilitacion3</value>
<graphics>
<offset x="0.0" y="0.0"/>
</graphics>
</name>
<initialMarking>
<value>Default,0</value>
<graphics>
<offset x="0.0" y="0.0"/>
</graphics>
</initialMarking>
<capacity>
<value>0</value>
</capacity>
</place>
<place id="ProximoAEjecutar0">
<graphics>
<position x="75.0" y="330.0"/>
</graphics>
<name>
<value>ProximoAEjecutar0</value>
<graphics>
<offset x="0.0" y="0.0"/>
</graphics>
</name>
<initialMarking>
<value>Default,0</value>
<graphics>
<offset x="0.0" y="0.0"/>
</graphics>
</initialMarking>
<capacity>
<value>0</value>
</capacity>
</place>
<place id="ProximoAEjecutar1">
<graphics>
<position x="660.0" y="945.0"/>
</graphics>
<name>
<value>ProximoAEjecutar1</value>
<graphics>
<offset x="0.0" y="0.0"/>
</graphics>
</name>
<initialMarking>
<value>Default,0</value>
<graphics>
<offset x="0.0" y="0.0"/>
</graphics>
</initialMarking>
<capacity>
<value>0</value>
</capacity>
</place>
<place id="ProximoAEjecutar2">
<graphics>
<position x="1320.0" y="360.0"/>
</graphics>
<name>
<value>ProximoAEjecutar2</value>
<graphics>
<offset x="0.0" y="0.0"/>
</graphics>
</name>
<initialMarking>
<value>Default,0</value>
<graphics>
<offset x="0.0" y="0.0"/>
</graphics>
</initialMarking>
<capacity>
<value>0</value>
</capacity>
</place>
<place id="ProximoAEjecutar3">
<graphics>
<position x="1410.0" y="45.0"/>
</graphics>
<name>
<value>ProximoAEjecutar3</value>
<graphics>
<offset x="0.0" y="0.0"/>
</graphics>
</name>
<initialMarking>
<value>Default,0</value>
<graphics>
<offset x="0.0" y="0.0"/>
</graphics>
</initialMarking>
<capacity>
<value>0</value>
</capacity>
</place>
<transition id="T0">
<graphics>
<position x="690.0" y="105.0"/>
</graphics>
<name>
<value>T0</value>
<graphics>
<offset x="-5.0" y="35.0"/>
</graphics>
</name>
<orientation>
<value>0</value>
</orientation>
<rate>
<value>1.0</value>
</rate>
<timed>
<value>false</value>
</timed>
<infiniteServer>
<value>false</value>
</infiniteServer>
<priority>
<value>1</value>
</priority>
</transition>
<transition id="T1">
<graphics>
<position x="315.0" y="330.0"/>
</graphics>
<name>
<value>T1</value>
<graphics>
<offset x="-5.0" y="35.0"/>
</graphics>
</name>
<orientation>
<value>0</value>
</orientation>
<rate>
<value>1.0</value>
</rate>
<timed>
<value>false</value>
</timed>
<infiniteServer>
<value>false</value>
</infiniteServer>
<priority>
<value>1</value>
</priority>
</transition>
<transition id="T15">
<graphics>
<position x="135.0" y="330.0"/>
</graphics>
<name>
<value>T15</value>
<graphics>
<offset x="-5.0" y="35.0"/>
</graphics>
</name>
<orientation>
<value>0</value>
</orientation>
<rate>
<value>1.0</value>
</rate>
<timed>
<value>false</value>
</timed>
<infiniteServer>
<value>false</value>
</infiniteServer>
<priority>
<value>1</value>
</priority>
</transition>
<transition id="T18">
<graphics>
<position x="675.0" y="840.0"/>
</graphics>
<name>
<value>T18</value>
<graphics>
<offset x="-5.0" y="35.0"/>
</graphics>
</name>
<orientation>
<value>0</value>
</orientation>
<rate>
<value>1.0</value>
</rate>
<timed>
<value>false</value>
</timed>
<infiniteServer>
<value>false</value>
</infiniteServer>
<priority>
<value>1</value>
</priority>
</transition>
<transition id="T19">
<graphics>
<position x="600.0" y="1020.0"/>
</graphics>
<name>
<value>T19</value>
<graphics>
<offset x="-5.0" y="35.0"/>
</graphics>
</name>
<orientation>
<value>0</value>
</orientation>
<rate>
<value>1.0</value>
</rate>
<timed>
<value>false</value>
</timed>
<infiniteServer>
<value>false</value>
</infiniteServer>
<priority>
<value>1</value>
</priority>
</transition>
<transition id="T2">
<graphics>
<position x="660.0" y="735.0"/>
</graphics>
<name>
<value>T2</value>
<graphics>
<offset x="-5.0" y="35.0"/>
</graphics>
</name>
<orientation>
<value>0</value>
</orientation>
<rate>
<value>1.0</value>
</rate>
<timed>
<value>false</value>
</timed>
<infiniteServer>
<value>false</value>
</infiniteServer>
<priority>
<value>1</value>
</priority>
</transition>
<transition id="T20">
<graphics>
<position x="0.0" y="375.0"/>
</graphics>
<name>
<value>T20</value>
<graphics>
<offset x="-5.0" y="35.0"/>
</graphics>
</name>
<orientation>
<value>0</value>
</orientation>
<rate>
<value>1.0</value>
</rate>
<timed>
<value>false</value>
</timed>
<infiniteServer>
<value>false</value>
</infiniteServer>
<priority>
<value>1</value>
</priority>
</transition>
<transition id="T21">
<graphics>
<position x="0.0" y="240.0"/>
</graphics>
<name>
<value>T21</value>
<graphics>
<offset x="-5.0" y="35.0"/>
</graphics>
</name>
<orientation>
<value>0</value>
</orientation>
<rate>
<value>1.0</value>
</rate>
<timed>
<value>false</value>
</timed>
<infiniteServer>
<value>false</value>
</infiniteServer>
<priority>
<value>1</value>
</priority>
</transition>
<transition id="T22">
<graphics>
<position x="0.0" y="165.0"/>
</graphics>
<name>
<value>T22</value>
<graphics>
<offset x="-5.0" y="35.0"/>
</graphics>
</name>
<orientation>
<value>0</value>
</orientation>
<rate>
<value>1.0</value>
</rate>
<timed>
<value>false</value>
</timed>
<infiniteServer>
<value>false</value>
</infiniteServer>
<priority>
<value>1</value>
</priority>
</transition>
<transition id="T23">
<graphics>
<position x="510.0" y="1020.0"/>
</graphics>
<name>
<value>T23</value>
<graphics>
<offset x="-5.0" y="35.0"/>
</graphics>
</name>
<orientation>
<value>0</value>
</orientation>
<rate>
<value>1.0</value>
</rate>
<timed>
<value>false</value>
</timed>
<infiniteServer>
<value>false</value>
</infiniteServer>
<priority>
<value>1</value>
</priority>
</transition>
<transition id="T24">
<graphics>
<position x="435.0" y="1020.0"/>
</graphics>
<name>
<value>T24</value>
<graphics>
<offset x="-5.0" y="35.0"/>
</graphics>
</name>
<orientation>
<value>0</value>
</orientation>
<rate>
<value>1.0</value>
</rate>
<timed>
<value>false</value>
</timed>
<infiniteServer>
<value>false</value>
</infiniteServer>
<priority>
<value>1</value>
</priority>
</transition>
<transition id="T26">
<graphics>
<position x="1215.0" y="435.0"/>
</graphics>
<name>
<value>T26</value>
<graphics>
<offset x="-5.0" y="35.0"/>
</graphics>
</name>
<orientation>
<value>0</value>
</orientation>
<rate>
<value>1.0</value>
</rate>
<timed>
<value>false</value>
</timed>
<infiniteServer>
<value>false</value>
</infiniteServer>
<priority>
<value>1</value>
</priority>
</transition>
<transition id="T27">
<graphics>
<position x="1425.0" y="360.0"/>
</graphics>
<name>
<value>T27</value>
<graphics>
<offset x="-5.0" y="35.0"/>
</graphics>
</name>
<orientation>
<value>0</value>
</orientation>
<rate>
<value>1.0</value>
</rate>
<timed>
<value>false</value>
</timed>
<infiniteServer>
<value>false</value>
</infiniteServer>
<priority>
<value>1</value>
</priority>
</transition>
<transition id="T28">
<graphics>
<position x="1410.0" y="435.0"/>
</graphics>
<name>
<value>T28</value>
<graphics>
<offset x="-5.0" y="35.0"/>
</graphics>
</name>
<orientation>
<value>0</value>
</orientation>
<rate>
<value>1.0</value>
</rate>
<timed>
<value>false</value>
</timed>
<infiniteServer>
<value>false</value>
</infiniteServer>
<priority>
<value>1</value>
</priority>
</transition>
<transition id="T29">
<graphics>
<position x="1410.0" y="495.0"/>
</graphics>
<name>
<value>T29</value>
<graphics>
<offset x="-5.0" y="35.0"/>
</graphics>
</name>
<orientation>
<value>0</value>
</orientation>
<rate>
<value>1.0</value>
</rate>
<timed>
<value>false</value>
</timed>
<infiniteServer>
<value>false</value>
</infiniteServer>
<priority>
<value>1</value>
</priority>
</transition>
<transition id="T3">
<graphics>
<position x="1065.0" y="360.0"/>
</graphics>
<name>
<value>T3</value>
<graphics>
<offset x="-5.0" y="35.0"/>
</graphics>
</name>
<orientation>
<value>0</value>
</orientation>
<rate>
<value>1.0</value>
</rate>
<timed>
<value>false</value>
</timed>
<infiniteServer>
<value>false</value>
</infiniteServer>
<priority>
<value>1</value>
</priority>
</transition>
<transition id="T31">
<graphics>
<position x="1305.0" y="135.0"/>
</graphics>
<name>
<value>T31</value>
<graphics>
<offset x="-5.0" y="35.0"/>
</graphics>
</name>
<orientation>
<value>0</value>
</orientation>
<rate>
<value>1.0</value>
</rate>
<timed>
<value>false</value>
</timed>
<infiniteServer>
<value>false</value>
</infiniteServer>
<priority>
<value>1</value>
</priority>
</transition>
<transition id="T32">
<graphics>
<position x="1515.0" y="45.0"/>
</graphics>
<name>
<value>T32</value>
<graphics>
<offset x="-5.0" y="35.0"/>
</graphics>
</name>
<orientation>
<value>0</value>
</orientation>
<rate>
<value>1.0</value>
</rate>
<timed>
<value>false</value>
</timed>
<infiniteServer>
<value>false</value>
</infiniteServer>
<priority>
<value>1</value>
</priority>
</transition>
<transition id="T33">
<graphics>
<position x="1515.0" y="135.0"/>
</graphics>
<name>
<value>T33</value>
<graphics>
<offset x="-5.0" y="35.0"/>
</graphics>
</name>
<orientation>
<value>0</value>
</orientation>
<rate>
<value>1.0</value>
</rate>
<timed>
<value>false</value>
</timed>
<infiniteServer>
<value>false</value>
</infiniteServer>
<priority>
<value>1</value>
</priority>
</transition>
<transition id="T34">
<graphics>
<position x="1515.0" y="225.0"/>
</graphics>
<name>
<value>T34</value>
<graphics>
<offset x="-5.0" y="35.0"/>
</graphics>
</name>
<orientation>
<value>0</value>
</orientation>
<rate>
<value>1.0</value>
</rate>
<timed>
<value>false</value>
</timed>
<infiniteServer>
<value>false</value>
</infiniteServer>
<priority>
<value>1</value>
</priority>
</transition>
<transition id="T4">
<graphics>
<position x="690.0" y="360.0"/>
</graphics>
<name>
<value>T4</value>
<graphics>
<offset x="-5.0" y="35.0"/>
</graphics>
</name>
<orientation>
<value>0</value>
</orientation>
<rate>
<value>1.0</value>
</rate>
<timed>
<value>false</value>
</timed>
<infiniteServer>
<value>false</value>
</infiniteServer>
<priority>
<value>1</value>
</priority>
</transition>
<arc id="Cola0 to T15" source="Cola0" target="T15">
<graphics/>
<inscription>
<value>Default,1</value>
<graphics/>
</inscription>
<tagged>
<value>false</value>
</tagged>
<arcpath id="000" x="207" y="342" curvePoint="false"/>
<arcpath id="001" x="151" y="342" curvePoint="false"/>
<type value="normal"/>
</arc>
<arc id="Cola1 to T18" source="Cola1" target="T18">
<graphics/>
<inscription>
<value>Default,1</value>
<graphics/>
</inscription>
<tagged>
<value>false</value>
</tagged>
<arcpath id="000" x="678" y="820" curvePoint="false"/>
<arcpath id="001" x="687" y="837" curvePoint="false"/>
<type value="normal"/>
</arc>
<arc id="Cola2 to T26" source="Cola2" target="T26">
<graphics/>
<inscription>
<value>Default,1</value>
<graphics/>
</inscription>
<tagged>
<value>false</value>
</tagged>
<arcpath id="000" x="1162" y="383" curvePoint="false"/>
<arcpath id="001" x="1221" y="447" curvePoint="false"/>
<type value="normal"/>
</arc>
<arc id="Cola3 to T31" source="Cola3" target="T31">
<graphics/>
<inscription>
<value>Default,1</value>
<graphics/>
</inscription>
<tagged>
<value>false</value>
</tagged>
<arcpath id="000" x="1241" y="122" curvePoint="false"/>
<arcpath id="001" x="1311" y="147" curvePoint="false"/>
<type value="normal"/>
</arc>
<arc id="CPU0 to T15" source="CPU0" target="T15">
<graphics/>
<inscription>
<value>Default,1</value>
<graphics/>
</inscription>
<tagged>
<value>false</value>
</tagged>
<arcpath id="000" x="95" y="264" curvePoint="false"/>
<arcpath id="001" x="142" y="337" curvePoint="false"/>
<type value="normal"/>
</arc>
<arc id="CPU1 to T18" source="CPU1" target="T18">
<graphics/>
<inscription>
<value>Default,1</value>
<graphics/>
</inscription>
<tagged>
<value>false</value>
</tagged>
<arcpath id="000" x="578" y="946" curvePoint="false"/>
<arcpath id="001" x="681" y="852" curvePoint="false"/>
<type value="normal"/>
</arc>
<arc id="CPU3 to T31" source="CPU3" target="T31">
<graphics/>
<inscription>
<value>Default,1</value>
<graphics/>
</inscription>
<tagged>
<value>false</value>
</tagged>
<arcpath id="000" x="1407" y="177" curvePoint="false"/>
<arcpath id="001" x="1306" y="182" curvePoint="false"/>
<arcpath id="002" x="1317" y="162" curvePoint="false"/>
<type value="normal"/>
</arc>
<arc id="Habilitacion0 to T4" source="Habilitacion0" target="T4">
<graphics/>
<inscription>
<value>Default,1</value>
<graphics/>
</inscription>
<tagged>
<value>false</value>
</tagged>
<arcpath id="000" x="446" y="376" curvePoint="false"/>
<arcpath id="001" x="539" y="406" curvePoint="false"/>
<arcpath id="002" x="696" y="372" curvePoint="false"/>
<type value="normal"/>
</arc>
<arc id="P10 to T3" source="Habilitacion2" target="T3">
<graphics/>
<inscription>
<value/>
<graphics/>
</inscription>
<tagged>
<value/>
</tagged>
<arcpath id="000" x="969" y="380" curvePoint="false"/>
<arcpath id="001" x="1016" y="416" curvePoint="false"/>
<arcpath id="002" x="1071" y="377" curvePoint="false"/>
<type value="inhibitor"/>
</arc>
<arc id="P10 to T4" source="Habilitacion2" target="T4">
<graphics/>
<inscription>
<value>Default,1</value>
<graphics/>
</inscription>
<tagged>
<value>false</value>
</tagged>
<arcpath id="000" x="942" y="372" curvePoint="false"/>
<arcpath id="001" x="706" y="372" curvePoint="false"/>
<type value="normal"/>
</arc>
<arc id="P11 to T0" source="Habilitacion3" target="T0">
<graphics/>
<inscription>
<value/>
<graphics/>
</inscription>
<tagged>
<value/>
</tagged>
<arcpath id="000" x="714" y="168" curvePoint="false"/>
<arcpath id="001" x="746" y="146" curvePoint="false"/>
<arcpath id="002" x="706" y="122" curvePoint="false"/>
<type value="inhibitor"/>
</arc>
<arc id="P11 to T4" source="Habilitacion3" target="T4">
<graphics/>
<inscription>
<value>Default,1</value>
<graphics/>
</inscription>
<tagged>
<value>false</value>
</tagged>
<arcpath id="000" x="702" y="191" curvePoint="false"/>
<arcpath id="001" x="702" y="357" curvePoint="false"/>
<type value="normal"/>
</arc>
<arc id="P20 to T27" source="ProximoAEjecutar2" target="T27">
<graphics/>
<inscription>
<value>Default,1</value>
<graphics/>
</inscription>
<tagged>
<value>false</value>
</tagged>
<arcpath id="000" x="1346" y="373" curvePoint="false"/>
<arcpath id="001" x="1431" y="380" curvePoint="false"/>
<type value="normal"/>
</arc>
<arc id="P21 to T26" source="CPU2" target="T26">
<graphics/>
<inscription>
<value>Default,1</value>
<graphics/>
</inscription>
<tagged>
<value>false</value>
</tagged>
<arcpath id="000" x="1302" y="521" curvePoint="false"/>
<arcpath id="001" x="1230" y="521" curvePoint="false"/>
<arcpath id="002" x="1227" y="462" curvePoint="false"/>
<type value="normal"/>
</arc>
<arc id="P8 to T1" source="Habilitacion0" target="T1">
<graphics/>
<inscription>
<value/>
<graphics/>
</inscription>
<tagged>
<value/>
</tagged>
<arcpath id="000" x="419" y="379" curvePoint="false"/>
<arcpath id="001" x="386" y="400" curvePoint="false"/>
<arcpath id="002" x="331" y="347" curvePoint="false"/>
<type value="inhibitor"/>
</arc>
<arc id="P9 to T2" source="Habilitacion1" target="T2">
<graphics/>
<inscription>
<value/>
<graphics/>
</inscription>
<tagged>
<value/>
</tagged>
<arcpath id="000" x="680" y="669" curvePoint="false"/>
<arcpath id="001" x="700" y="700" curvePoint="false"/>
<arcpath id="002" x="676" y="747" curvePoint="false"/>
<type value="inhibitor"/>
</arc>
<arc id="P9 to T4" source="Habilitacion1" target="T4">
<graphics/>
<inscription>
<value>Default,1</value>
<graphics/>
</inscription>
<tagged>
<value>false</value>
</tagged>
<arcpath id="000" x="673" y="642" curvePoint="false"/>
<arcpath id="001" x="702" y="387" curvePoint="false"/>
<type value="normal"/>
</arc>
<arc id="ProximoAEjecutar0 to T20" source="ProximoAEjecutar0" target="T20">
<graphics/>
<inscription>
<value>Default,1</value>
<graphics/>
</inscription>
<tagged>
<value>false</value>
</tagged>
<arcpath id="000" x="74" y="350" curvePoint="false"/>
<arcpath id="001" x="16" y="387" curvePoint="false"/>
<type value="normal"/>
</arc>
<arc id="ProximoAEjecutar1 to T19" source="ProximoAEjecutar1" target="T19">
<graphics/>
<inscription>
<value>Default,1</value>
<graphics/>
</inscription>
<tagged>
<value>false</value>
</tagged>
<arcpath id="000" x="662" y="968" curvePoint="false"/>
<arcpath id="001" x="617" y="1024" curvePoint="false"/>
<type value="normal"/>
</arc>
<arc id="ProximoAEjecutar3 to T32" source="ProximoAEjecutar3" target="T32">
<graphics/>
<inscription>
<value>Default,1</value>
<graphics/>
</inscription>
<tagged>
<value>false</value>
</tagged>
<arcpath id="000" x="1436" y="57" curvePoint="false"/>
<arcpath id="001" x="1521" y="62" curvePoint="false"/>
<type value="normal"/>
</arc>
<arc id="T0 to P11" source="T0" target="Habilitacion3">
<graphics/>
<inscription>
<value>Default,1</value>
<graphics/>
</inscription>
<tagged>
<value>false</value>
</tagged>
<arcpath id="000" x="702" y="132" curvePoint="false"/>
<arcpath id="001" x="702" y="162" curvePoint="false"/>
<type value="normal"/>
</arc>
<arc id="T0 to P4" source="T0" target="Cola3">
<graphics/>
<inscription>
<value>Default,1</value>
<graphics/>
</inscription>
<tagged>
<value>false</value>
</tagged>
<arcpath id="000" x="707" y="112" curvePoint="false"/>
<arcpath id="001" x="1212" y="116" curvePoint="false"/>
<type value="normal"/>
</arc>
<arc id="T15 to ProximoAEjecutar0" source="T15" target="ProximoAEjecutar0">
<graphics/>
<inscription>
<value>Default,1</value>
<graphics/>
</inscription>
<tagged>
<value>false</value>
</tagged>
<arcpath id="000" x="141" y="347" curvePoint="false"/>
<arcpath id="001" x="101" y="343" curvePoint="false"/>
<type value="normal"/>
</arc>
<arc id="T18 to ProximoAEjecutar1" source="T18" target="ProximoAEjecutar1">
<graphics/>
<inscription>
<value>Default,1</value>
<graphics/>
</inscription>
<tagged>
<value>false</value>
</tagged>
<arcpath id="000" x="687" y="867" curvePoint="false"/>
<arcpath id="001" x="674" y="942" curvePoint="false"/>
<type value="normal"/>
</arc>
<arc id="T19 to Habilitacion0" source="T19" target="Habilitacion0">
<graphics/>
<inscription>
<value>Default,1</value>
<graphics/>
</inscription>
<tagged>
<value>false</value>
</tagged>
<arcpath id="000" x="606" y="1032" curvePoint="false"/>
<arcpath id="001" x="502" y="1102" curvePoint="false"/>
<arcpath id="002" x="182" y="1082" curvePoint="false"/>
<arcpath id="003" x="258" y="521" curvePoint="false"/>
<arcpath id="004" x="420" y="381" curvePoint="false"/>
<type value="normal"/>
</arc>
<arc id="T19 to Habilitacion2" source="T19" target="Habilitacion2">
<graphics/>
<inscription>
<value>Default,1</value>
<graphics/>
</inscription>
<tagged>
<value>false</value>
</tagged>
<arcpath id="000" x="616" y="1038" curvePoint="false"/>
<arcpath id="001" x="1139" y="1008" curvePoint="false"/>
<arcpath id="002" x="989" y="465" curvePoint="false"/>
<arcpath id="003" x="961" y="386" curvePoint="false"/>
<type value="normal"/>
</arc>
<arc id="T19 to Habilitacion3" source="T19" target="Habilitacion3">
<graphics/>
<inscription>
<value>Default,1</value>
<graphics/>
</inscription>
<tagged>
<value>false</value>
</tagged>
<arcpath id="000" x="617" y="1031" curvePoint="false"/>
<arcpath id="001" x="952" y="876" curvePoint="false"/>
<arcpath id="002" x="707" y="191" curvePoint="false"/>
<type value="normal"/>
</arc>
<arc id="T1 to P5" source="T1" target="Cola0">
<graphics/>
<inscription>
<value>Default,1</value>
<graphics/>
</inscription>
<tagged>
<value>false</value>
</tagged>
<arcpath id="000" x="321" y="342" curvePoint="false"/>
<arcpath id="001" x="236" y="342" curvePoint="false"/>
<type value="normal"/>
</arc>
<arc id="T1 to P8" source="T1" target="Habilitacion0">
<graphics/>
<inscription>
<value>Default,1</value>
<graphics/>
</inscription>
<tagged>
<value>false</value>
</tagged>
<arcpath id="000" x="332" y="337" curvePoint="false"/>
<arcpath id="001" x="417" y="367" curvePoint="false"/>
<type value="normal"/>
</arc>
<arc id="T20 to Habilitacion1" source="T20" target="Habilitacion1">
<graphics/>
<inscription>
<value>Default,1</value>
<graphics/>
</inscription>
<tagged>
<value>false</value>
</tagged>
<arcpath id="000" x="12" y="402" curvePoint="false"/>
<arcpath id="001" x="-3" y="670" curvePoint="false"/>
<arcpath id="002" x="657" y="657" curvePoint="false"/>
<type value="normal"/>
</arc>
<arc id="T20 to Habilitacion2" source="T20" target="Habilitacion2">
<graphics/>
<inscription>
<value>Default,1</value>
<graphics/>
</inscription>
<tagged>
<value>false</value>
</tagged>
<arcpath id="000" x="12" y="402" curvePoint="false"/>
<arcpath id="001" x="89" y="615" curvePoint="false"/>
<arcpath id="002" x="970" y="502" curvePoint="false"/>
<arcpath id="003" x="958" y="386" curvePoint="false"/>
<type value="normal"/>
</arc>
<arc id="T20 to Habilitacion3" source="T20" target="Habilitacion3">
<graphics/>
<inscription>
<value>Default,1</value>
<graphics/>
</inscription>
<tagged>
<value>false</value>
</tagged>
<arcpath id="000" x="12" y="372" curvePoint="false"/>
<arcpath id="001" x="89" y="108" curvePoint="false"/>
<arcpath id="002" x="687" y="175" curvePoint="false"/>
<type value="normal"/>
</arc>
<arc id="T21 to CPU0" source="T21" target="CPU0">
<graphics/>
<inscription>
<value>Default,1</value>
<graphics/>
</inscription>
<tagged>
<value>false</value>
</tagged>
<arcpath id="000" x="16" y="252" curvePoint="false"/>
<arcpath id="001" x="72" y="252" curvePoint="false"/>
<type value="normal"/>
</arc>
<arc id="T22 to CPU0" source="T22" target="CPU0">
<graphics/>
<inscription>
<value>Default,1</value>
<graphics/>
</inscription>
<tagged>
<value>false</value>
</tagged>
<arcpath id="000" x="16" y="177" curvePoint="false"/>
<arcpath id="001" x="89" y="180" curvePoint="false"/>
<arcpath id="002" x="87" y="237" curvePoint="false"/>
<type value="normal"/>
</arc>
<arc id="T23 to CPU1" source="T23" target="CPU1">
<graphics/>
<inscription>
<value>Default,1</value>
<graphics/>
</inscription>
<tagged>
<value>false</value>
</tagged>
<arcpath id="000" x="522" y="1017" curvePoint="false"/>
<arcpath id="001" x="558" y="969" curvePoint="false"/>
<type value="normal"/>
</arc>
<arc id="T24 to CPU1" source="T24" target="CPU1">
<graphics/>
<inscription>
<value>Default,1</value>
<graphics/>
</inscription>
<tagged>
<value>false</value>
</tagged>
<arcpath id="000" x="451" y="1032" curvePoint="false"/>
<arcpath id="001" x="554" y="965" curvePoint="false"/>
<type value="normal"/>
</arc>
<arc id="T26 to P20" source="T26" target="ProximoAEjecutar2">
<graphics/>
<inscription>
<value>Default,1</value>
<graphics/>
</inscription>
<tagged>
<value>false</value>
</tagged>
<arcpath id="000" x="1231" y="447" curvePoint="false"/>
<arcpath id="001" x="1320" y="381" curvePoint="false"/>
<type value="normal"/>
</arc>
<arc id="T27 to Habilitacion0" source="T27" target="Habilitacion0">
<graphics/>
<inscription>
<value>Default,1</value>
<graphics/>
</inscription>
<tagged>
<value>false</value>
</tagged>
<arcpath id="000" x="1431" y="373" curvePoint="false"/>
<arcpath id="001" x="1065" y="220" curvePoint="false"/>
<arcpath id="002" x="446" y="368" curvePoint="false"/>
<type value="normal"/>
</arc>
<arc id="T27 to Habilitacion1" source="T27" target="Habilitacion1">
<graphics/>
<inscription>
<value>Default,1</value>
<graphics/>
</inscription>
<tagged>
<value>false</value>
</tagged>
<arcpath id="000" x="1437" y="387" curvePoint="false"/>
<arcpath id="001" x="1476" y="689" curvePoint="false"/>
<arcpath id="002" x="686" y="657" curvePoint="false"/>
<type value="normal"/>
</arc>
<arc id="T27 to Habilitacion3" source="T27" target="Habilitacion3">
<graphics/>
<inscription>
<value>Default,1</value>
<graphics/>
</inscription>
<tagged>
<value>false</value>
</tagged>
<arcpath id="000" x="1432" y="366" curvePoint="false"/>
<arcpath id="001" x="1102" y="202" curvePoint="false"/>
<arcpath id="002" x="716" y="177" curvePoint="false"/>
<type value="normal"/>
</arc>
<arc id="T28 to P21" source="T28" target="CPU2">
<graphics/>
<inscription>
<value>Default,1</value>
<graphics/>
</inscription>
<tagged>
<value>false</value>
</tagged>
<arcpath id="000" x="1416" y="447" curvePoint="false"/>
<arcpath id="001" x="1329" y="513" curvePoint="false"/>
<type value="normal"/>
</arc>
<arc id="T29 to P21" source="T29" target="CPU2">
<graphics/>
<inscription>
<value>Default,1</value>
<graphics/>
</inscription>
<tagged>
<value>false</value>
</tagged>
<arcpath id="000" x="1416" y="507" curvePoint="false"/>
<arcpath id="001" x="1331" y="519" curvePoint="false"/>
<type value="normal"/>
</arc>
<arc id="T2 to P6" source="T2" target="Cola1">
<graphics/>
<inscription>
<value>Default,1</value>
<graphics/>
</inscription>
<tagged>
<value>false</value>
</tagged>
<arcpath id="000" x="672" y="762" curvePoint="false"/>
<arcpath id="001" x="672" y="792" curvePoint="false"/>
<type value="normal"/>
</arc>
<arc id="T2 to P9" source="T2" target="Habilitacion1">
<graphics/>
<inscription>
<value>Default,1</value>
<graphics/>
</inscription>
<tagged>
<value>false</value>
</tagged>
<arcpath id="000" x="672" y="732" curvePoint="false"/>
<arcpath id="001" x="672" y="671" curvePoint="false"/>
<type value="normal"/>
</arc>
<arc id="T31 to ProximoAEjecutar3" source="T31" target="ProximoAEjecutar3">
<graphics/>
<inscription>
<value>Default,1</value>
<graphics/>
</inscription>
<tagged>
<value>false</value>
</tagged>
<arcpath id="000" x="1321" y="147" curvePoint="false"/>
<arcpath id="001" x="1410" y="67" curvePoint="false"/>
<type value="normal"/>
</arc>
<arc id="T32 to Habilitacion0" source="T32" target="Habilitacion0">
<graphics/>
<inscription>
<value>Default,1</value>
<graphics/>
</inscription>
<tagged>
<value>false</value>
</tagged>
<arcpath id="000" x="1522" y="52" curvePoint="false"/>
<arcpath id="001" x="1420" y="15" curvePoint="false"/>
<arcpath id="002" x="258" y="32" curvePoint="false"/>
<arcpath id="003" x="446" y="258" curvePoint="false"/>
<arcpath id="004" x="433" y="357" curvePoint="false"/>
<type value="normal"/>
</arc>
<arc id="T32 to Habilitacion1" source="T32" target="Habilitacion1">
<graphics/>
<inscription>
<value>Default,1</value>
<graphics/>
</inscription>
<tagged>
<value>false</value>
</tagged>
<arcpath id="000" x="1527" y="72" curvePoint="false"/>
<arcpath id="001" x="1682" y="389" curvePoint="false"/>
<arcpath id="002" x="1626" y="765" curvePoint="false"/>
<arcpath id="003" x="686" y="658" curvePoint="false"/>
<type value="normal"/>
</arc>
<arc id="T32 to Habilitacion2" source="T32" target="Habilitacion2">
<graphics/>
<inscription>
<value>Default,1</value>
<graphics/>
</inscription>
<tagged>
<value>false</value>
</tagged>
<arcpath id="000" x="1527" y="72" curvePoint="false"/>
<arcpath id="001" x="1570" y="315" curvePoint="false"/>
<arcpath id="002" x="952" y="276" curvePoint="false"/>
<arcpath id="003" x="956" y="357" curvePoint="false"/>
<type value="normal"/>
</arc>
<arc id="T33 to CPU3" source="T33" target="CPU3">
<graphics/>
<inscription>
<value>Default,1</value>
<graphics/>
</inscription>
<tagged>
<value>false</value>
</tagged>
<arcpath id="000" x="1521" y="147" curvePoint="false"/>
<arcpath id="001" x="1436" y="172" curvePoint="false"/>
<type value="normal"/>
</arc>
<arc id="T34 to CPU3" source="T34" target="CPU3">
<graphics/>
<inscription>
<value>Default,1</value>
<graphics/>
</inscription>
<tagged>
<value>false</value>
</tagged>
<arcpath id="000" x="1521" y="237" curvePoint="false"/>
<arcpath id="001" x="1434" y="184" curvePoint="false"/>
<type value="normal"/>
</arc>
<arc id="T3 to P10" source="T3" target="Habilitacion2">
<graphics/>
<inscription>
<value>Default,1</value>
<graphics/>
</inscription>
<tagged>
<value>false</value>
</tagged>
<arcpath id="000" x="1072" y="367" curvePoint="false"/>
<arcpath id="001" x="971" y="371" curvePoint="false"/>
<type value="normal"/>
</arc>
<arc id="T3 to P7" source="T3" target="Cola2">
<graphics/>
<inscription>
<value>Default,1</value>
<graphics/>
</inscription>
<tagged>
<value>false</value>
</tagged>
<arcpath id="000" x="1081" y="372" curvePoint="false"/>
<arcpath id="001" x="1137" y="372" curvePoint="false"/>
<type value="normal"/>
</arc>
</net>
</pnml>
