<?xml version="1.0" encoding="ISO-8859-1"?><pnml>
<net id="Net-One" type="P/T net">
<token id="Default" enabled="true" red="0" green="0" blue="0"/>
<place id="Cantq0">
<graphics>
<position x="292.0" y="276.0"/>
</graphics>
<name>
<value>Cantq0</value>
<graphics>
<offset x="29.555555555555554" y="-5.555555555555557"/>
</graphics>
</name>
<initialMarking>
<value>Default,0</value>
<graphics>
<offset x="0.0" y="0.0"/>
</graphics>
</initialMarking>
<capacity>
<value>0</value>
</capacity>
</place>
<place id="Cantq1">
<graphics>
<position x="368.0" y="333.11111111111114"/>
</graphics>
<name>
<value>Cantq1</value>
<graphics>
<offset x="36.88888888888888" y="44.7777777777778"/>
</graphics>
</name>
<initialMarking>
<value>Default,0</value>
<graphics>
<offset x="0.0" y="0.0"/>
</graphics>
</initialMarking>
<capacity>
<value>0</value>
</capacity>
</place>
<place id="Cantq2">
<graphics>
<position x="442.0" y="277.0"/>
</graphics>
<name>
<value>Cantq2</value>
<graphics>
<offset x="39.66666666666664" y="41.11111111111115"/>
</graphics>
</name>
<initialMarking>
<value>Default,0</value>
<graphics>
<offset x="0.0" y="0.0"/>
</graphics>
</initialMarking>
<capacity>
<value>0</value>
</capacity>
</place>
<place id="Cantq3">
<graphics>
<position x="367.0" y="217.0"/>
</graphics>
<name>
<value>Cantq3</value>
<graphics>
<offset x="36.22222222222223" y="-2.3333333333333353"/>
</graphics>
</name>
<initialMarking>
<value>Default,0</value>
<graphics>
<offset x="0.0" y="0.0"/>
</graphics>
</initialMarking>
<capacity>
<value>0</value>
</capacity>
</place>
<place id="CPU0">
<graphics>
<position x="188.0" y="203.0"/>
</graphics>
<name>
<value>CPU0</value>
<graphics>
<offset x="14.0" y="2.0"/>
</graphics>
</name>
<initialMarking>
<value>Default,1</value>
<graphics>
<offset x="0.0" y="0.0"/>
</graphics>
</initialMarking>
<capacity>
<value>0</value>
</capacity>
</place>
<place id="CPU1">
<graphics>
<position x="268.0" y="448.0"/>
</graphics>
<name>
<value>CPU1</value>
<graphics>
<offset x="14.777777777777775" y="-2.0"/>
</graphics>
</name>
<initialMarking>
<value>Default,1</value>
<graphics>
<offset x="0.0" y="0.0"/>
</graphics>
</initialMarking>
<capacity>
<value>0</value>
</capacity>
</place>
<place id="CPU2">
<graphics>
<position x="548.0" y="378.88888888888886"/>
</graphics>
<name>
<value>CPU2</value>
<graphics>
<offset x="20.666666666666664" y="-3.0"/>
</graphics>
</name>
<initialMarking>
<value>Default,1</value>
<graphics>
<offset x="0.0" y="0.0"/>
</graphics>
</initialMarking>
<capacity>
<value>0</value>
</capacity>
</place>
<place id="CPU3">
<graphics>
<position x="449.8888888888889" y="103.0"/>
</graphics>
<name>
<value>CPU3</value>
<graphics>
<offset x="31.0" y="43.0"/>
</graphics>
</name>
<initialMarking>
<value>Default,1</value>
<graphics>
<offset x="0.0" y="0.0"/>
</graphics>
</initialMarking>
<capacity>
<value>0</value>
</capacity>
</place>
<place id="Executing0">
<graphics>
<position x="33.888888888888886" y="201.8888888888889"/>
</graphics>
<name>
<value>Executing0</value>
<graphics>
<offset x="45.0" y="-4.0"/>
</graphics>
</name>
<initialMarking>
<value>Default,0</value>
<graphics>
<offset x="0.0" y="0.0"/>
</graphics>
</initialMarking>
<capacity>
<value>0</value>
</capacity>
</place>
<place id="Executing1">
<graphics>
<position x="266.8888888888889" y="562.0"/>
</graphics>
<name>
<value>Executing1</value>
<graphics>
<offset x="33.44444444444444" y="-1.7777777777777777"/>
</graphics>
</name>
<initialMarking>
<value>Default,0</value>
<graphics>
<offset x="0.0" y="0.0"/>
</graphics>
</initialMarking>
<capacity>
<value>0</value>
</capacity>
</place>
<place id="Executing2">
<graphics>
<position x="708.0" y="379.0"/>
</graphics>
<name>
<value>Executing2</value>
<graphics>
<offset x="41.66666666666667" y="39.888888888888886"/>
</graphics>
</name>
<initialMarking>
<value>Default,1</value>
<graphics>
<offset x="0.0" y="0.0"/>
</graphics>
</initialMarking>
<capacity>
<value>0</value>
</capacity>
</place>
<place id="Executing3">
<graphics>
<position x="450.0" y="12.0"/>
</graphics>
<name>
<value>Executing3</value>
<graphics>
<offset x="40.888888888888886" y="40.444444444444464"/>
</graphics>
</name>
<initialMarking>
<value>Default,0</value>
<graphics>
<offset x="0.0" y="0.0"/>
</graphics>
</initialMarking>
<capacity>
<value>0</value>
</capacity>
</place>
<place id="Globalqueue">
<graphics>
<position x="552.8888888888889" y="51.0"/>
</graphics>
<name>
<value>Globalqueue</value>
<graphics>
<offset x="47.33333333333336" y="-3.0"/>
</graphics>
</name>
<initialMarking>
<value>Default,0</value>
<graphics>
<offset x="0.0" y="0.0"/>
</graphics>
</initialMarking>
<capacity>
<value>0</value>
</capacity>
</place>
<place id="Queue0">
<graphics>
<position x="155.0" y="275.0"/>
</graphics>
<name>
<value>Queue0</value>
<graphics>
<offset x="29.66666666666666" y="-1.8888888888888888"/>
</graphics>
</name>
<initialMarking>
<value>Default,0</value>
<graphics>
<offset x="0.0" y="0.0"/>
</graphics>
</initialMarking>
<capacity>
<value>0</value>
</capacity>
</place>
<place id="Queue1">
<graphics>
<position x="369.0" y="457.0"/>
</graphics>
<name>
<value>Queue1</value>
<graphics>
<offset x="16.666666666666664" y="-1.1111111111111112"/>
</graphics>
</name>
<initialMarking>
<value>Default,0</value>
<graphics>
<offset x="0.0" y="0.0"/>
</graphics>
</initialMarking>
<capacity>
<value>0</value>
</capacity>
</place>
<place id="Queue2">
<graphics>
<position x="588.0" y="278.0"/>
</graphics>
<name>
<value>Queue2</value>
<graphics>
<offset x="29.999999999999993" y="-2.2222222222222223"/>
</graphics>
</name>
<initialMarking>
<value>Default,0</value>
<graphics>
<offset x="0.0" y="0.0"/>
</graphics>
</initialMarking>
<capacity>
<value>0</value>
</capacity>
</place>
<place id="Queue3">
<graphics>
<position x="366.0" y="112.0"/>
</graphics>
<name>
<value>Queue3</value>
<graphics>
<offset x="19.0" y="3.0"/>
</graphics>
</name>
<initialMarking>
<value>Default,0</value>
<graphics>
<offset x="0.0" y="0.0"/>
</graphics>
</initialMarking>
<capacity>
<value>0</value>
</capacity>
</place>
<place id="SMPnotready">
<graphics>
<position x="152.0" y="564.0"/>
</graphics>
<name>
<value>SMPnotready</value>
<graphics>
<offset x="39.66666666666667" y="-2.6666666666666665"/>
</graphics>
</name>
<initialMarking>
<value>Default,1</value>
<graphics>
<offset x="0.0" y="0.0"/>
</graphics>
</initialMarking>
<capacity>
<value>0</value>
</capacity>
</place>
<place id="SMPready">
<graphics>
<position x="19.88888888888889" y="562.8888888888889"/>
</graphics>
<name>
<value>SMPready</value>
<graphics>
<offset x="42.222222222222214" y="-4.0"/>
</graphics>
</name>
<initialMarking>
<value>Default,0</value>
<graphics>
<offset x="0.0" y="0.0"/>
</graphics>
</initialMarking>
<capacity>
<value>0</value>
</capacity>
</place>
<place id="Toexec0">
<graphics>
<position x="97.0" y="352.0"/>
</graphics>
<name>
<value>Toexec0</value>
<graphics>
<offset x="11.0" y="-3.0"/>
</graphics>
</name>
<initialMarking>
<value>Default,0</value>
<graphics>
<offset x="0.0" y="0.0"/>
</graphics>
</initialMarking>
<capacity>
<value>0</value>
</capacity>
</place>
<place id="Toexec1">
<graphics>
<position x="453.0" y="500.0"/>
</graphics>
<name>
<value>Toexec1</value>
<graphics>
<offset x="31.66666666666666" y="-4.0"/>
</graphics>
</name>
<initialMarking>
<value>Default,0</value>
<graphics>
<offset x="0.0" y="0.0"/>
</graphics>
</initialMarking>
<capacity>
<value>0</value>
</capacity>
</place>
<place id="Toexec2">
<graphics>
<position x="652.0" y="202.0"/>
</graphics>
<name>
<value>Toexec2</value>
<graphics>
<offset x="20.777777777777768" y="-1.0"/>
</graphics>
</name>
<initialMarking>
<value>Default,0</value>
<graphics>
<offset x="0.0" y="0.0"/>
</graphics>
</initialMarking>
<capacity>
<value>0</value>
</capacity>
</place>
<place id="Toexec3">
<graphics>
<position x="294.1111111111111" y="57.11111111111111"/>
</graphics>
<name>
<value>Toexec3</value>
<graphics>
<offset x="41.0" y="40.0"/>
</graphics>
</name>
<initialMarking>
<value>Default,0</value>
<graphics>
<offset x="0.0" y="0.0"/>
</graphics>
</initialMarking>
<capacity>
<value>0</value>
</capacity>
</place>
<transition id="Addtoqueue0">
<graphics>
<position x="218.0" y="275.0"/>
</graphics>
<name>
<value>Addtoqueue0</value>
<graphics>
<offset x="52.888888888888886" y="36.777777777777786"/>
</graphics>
</name>
<orientation>
<value>90</value>
</orientation>
<rate>
<value>1.0</value>
</rate>
<timed>
<value>false</value>
</timed>
<infiniteServer>
<value>false</value>
</infiniteServer>
<priority>
<value>1</value>
</priority>
</transition>
<transition id="Addtoqueue1">
<graphics>
<position x="369.0" y="397.0"/>
</graphics>
<name>
<value>Addtoqueue1</value>
<graphics>
<offset x="46.6666666666667" y="30.888888888888893"/>
</graphics>
</name>
<orientation>
<value>90</value>
</orientation>
<rate>
<value>1.0</value>
</rate>
<timed>
<value>false</value>
</timed>
<infiniteServer>
<value>false</value>
</infiniteServer>
<priority>
<value>1</value>
</priority>
</transition>
<transition id="Addtoqueue2">
<graphics>
<position x="509.0" y="277.0"/>
</graphics>
<name>
<value>Addtoqueue2</value>
<graphics>
<offset x="53.88888888888889" y="36.11111111111112"/>
</graphics>
</name>
<orientation>
<value>90</value>
</orientation>
<rate>
<value>1.0</value>
</rate>
<timed>
<value>false</value>
</timed>
<infiniteServer>
<value>false</value>
</infiniteServer>
<priority>
<value>1</value>
</priority>
</transition>
<transition id="Addtoqueue3">
<graphics>
<position x="367.0" y="170.0"/>
</graphics>
<name>
<value>Addtoqueue3</value>
<graphics>
<offset x="51.888888888888886" y="8.000000000000004"/>
</graphics>
</name>
<orientation>
<value>90</value>
</orientation>
<rate>
<value>1.0</value>
</rate>
<timed>
<value>false</value>
</timed>
<infiniteServer>
<value>false</value>
</infiniteServer>
<priority>
<value>1</value>
</priority>
</transition>
<transition id="Exec0">
<graphics>
<position x="42.0" y="425.0"/>
</graphics>
<name>
<value>Exec0</value>
<graphics>
<offset x="30.0" y="30.0"/>
</graphics>
</name>
<orientation>
<value>90</value>
</orientation>
<rate>
<value>1.0</value>
</rate>
<timed>
<value>false</value>
</timed>
<infiniteServer>
<value>false</value>
</infiniteServer>
<priority>
<value>1</value>
</priority>
</transition>
<transition id="Exec1">
<graphics>
<position x="545.0" y="561.0"/>
</graphics>
<name>
<value>Exec1</value>
<graphics>
<offset x="29.444444444444436" y="36.111111111111114"/>
</graphics>
</name>
<orientation>
<value>90</value>
</orientation>
<rate>
<value>1.0</value>
</rate>
<timed>
<value>false</value>
</timed>
<infiniteServer>
<value>false</value>
</infiniteServer>
<priority>
<value>1</value>
</priority>
</transition>
<transition id="Exec2">
<graphics>
<position x="704.1111111111112" y="155.0"/>
</graphics>
<name>
<value>Exec2</value>
<graphics>
<offset x="28.333333333333325" y="36.111111111111114"/>
</graphics>
</name>
<orientation>
<value>90</value>
</orientation>
<rate>
<value>1.0</value>
</rate>
<timed>
<value>false</value>
</timed>
<infiniteServer>
<value>false</value>
</infiniteServer>
<priority>
<value>1</value>
</priority>
</transition>
<transition id="Exec3">
<graphics>
<position x="233.0" y="10.0"/>
</graphics>
<name>
<value>Exec3</value>
<graphics>
<offset x="23.111111111111114" y="31.333333333333332"/>
</graphics>
</name>
<orientation>
<value>90</value>
</orientation>
<rate>
<value>1.0</value>
</rate>
<timed>
<value>false</value>
</timed>
<infiniteServer>
<value>false</value>
</infiniteServer>
<priority>
<value>1</value>
</priority>
</transition>
<transition id="Execempty0">
<graphics>
<position x="98.0" y="469.0"/>
</graphics>
<name>
<value>Execempty0</value>
<graphics>
<offset x="48.0" y="28.0"/>
</graphics>
</name>
<orientation>
<value>90</value>
</orientation>
<rate>
<value>1.0</value>
</rate>
<timed>
<value>false</value>
</timed>
<infiniteServer>
<value>false</value>
</infiniteServer>
<priority>
<value>1</value>
</priority>
</transition>
<transition id="Execempty1">
<graphics>
<position x="600.0" y="499.0"/>
</graphics>
<name>
<value>Execempty1</value>
<graphics>
<offset x="46.11111111111114" y="32.77777777777777"/>
</graphics>
</name>
<orientation>
<value>90</value>
</orientation>
<rate>
<value>1.0</value>
</rate>
<timed>
<value>false</value>
</timed>
<infiniteServer>
<value>false</value>
</infiniteServer>
<priority>
<value>1</value>
</priority>
</transition>
<transition id="Execempty2">
<graphics>
<position x="652.0" y="127.0"/>
</graphics>
<name>
<value>Execempty2</value>
<graphics>
<offset x="50.55555555555556" y="30.55555555555555"/>
</graphics>
</name>
<orientation>
<value>90</value>
</orientation>
<rate>
<value>1.0</value>
</rate>
<timed>
<value>false</value>
</timed>
<infiniteServer>
<value>false</value>
</infiniteServer>
<priority>
<value>1</value>
</priority>
</transition>
<transition id="Execempty3">
<graphics>
<position x="170.0" y="56.0"/>
</graphics>
<name>
<value>Execempty3</value>
<graphics>
<offset x="45.0" y="28.0"/>
</graphics>
</name>
<orientation>
<value>90</value>
</orientation>
<rate>
<value>1.0</value>
</rate>
<timed>
<value>false</value>
</timed>
<infiniteServer>
<value>false</value>
</infiniteServer>
<priority>
<value>1</value>
</priority>
</transition>
<transition id="Fromglobal0">
<graphics>
<position x="178.0" y="351.0"/>
</graphics>
<name>
<value>Fromglobal0</value>
<graphics>
<offset x="50.0" y="32.0"/>
</graphics>
</name>
<orientation>
<value>90</value>
</orientation>
<rate>
<value>1.0</value>
</rate>
<timed>
<value>false</value>
</timed>
<infiniteServer>
<value>false</value>
</infiniteServer>
<priority>
<value>1</value>
</priority>
</transition>
<transition id="Fromglobal1">
<graphics>
<position x="453.0" y="427.0"/>
</graphics>
<name>
<value>Fromglobal1</value>
<graphics>
<offset x="46.11111111111114" y="29.44444444444445"/>
</graphics>
</name>
<orientation>
<value>90</value>
</orientation>
<rate>
<value>1.0</value>
</rate>
<timed>
<value>false</value>
</timed>
<infiniteServer>
<value>false</value>
</infiniteServer>
<priority>
<value>1</value>
</priority>
</transition>
<transition id="Fromglobal2">
<graphics>
<position x="553.0" y="200.0"/>
</graphics>
<name>
<value>Fromglobal2</value>
<graphics>
<offset x="48.33333333333337" y="31.66666666666666"/>
</graphics>
</name>
<orientation>
<value>90</value>
</orientation>
<rate>
<value>1.0</value>
</rate>
<timed>
<value>false</value>
</timed>
<infiniteServer>
<value>false</value>
</infiniteServer>
<priority>
<value>1</value>
</priority>
</transition>
<transition id="Fromglobal3">
<graphics>
<position x="295.0" y="141.0"/>
</graphics>
<name>
<value>Fromglobal3</value>
<graphics>
<offset x="52.0" y="30.0"/>
</graphics>
</name>
<orientation>
<value>90</value>
</orientation>
<rate>
<value>1.0</value>
</rate>
<timed>
<value>false</value>
</timed>
<infiniteServer>
<value>false</value>
</infiniteServer>
<priority>
<value>1</value>
</priority>
</transition>
<transition id="Remempty0">
<graphics>
<position x="290.44444444444446" y="213.88888888888889"/>
</graphics>
<name>
<value>Remempty0</value>
<graphics>
<offset x="47.22222222222225" y="32.77777777777777"/>
</graphics>
</name>
<orientation>
<value>90</value>
</orientation>
<rate>
<value>1.0</value>
</rate>
<timed>
<value>false</value>
</timed>
<infiniteServer>
<value>false</value>
</infiniteServer>
<priority>
<value>1</value>
</priority>
</transition>
<transition id="Remempty1">
<graphics>
<position x="292.0" y="332.0"/>
</graphics>
<name>
<value>Remempty1</value>
<graphics>
<offset x="45.00000000000003" y="31.66666666666666"/>
</graphics>
</name>
<orientation>
<value>90</value>
</orientation>
<rate>
<value>1.0</value>
</rate>
<timed>
<value>false</value>
</timed>
<infiniteServer>
<value>false</value>
</infiniteServer>
<priority>
<value>1</value>
</priority>
</transition>
<transition id="Remempty2">
<graphics>
<position x="512.0" y="331.0"/>
</graphics>
<name>
<value>Remempty2</value>
<graphics>
<offset x="46.11111111111113" y="31.666666666666664"/>
</graphics>
</name>
<orientation>
<value>90</value>
</orientation>
<rate>
<value>1.0</value>
</rate>
<timed>
<value>false</value>
</timed>
<infiniteServer>
<value>false</value>
</infiniteServer>
<priority>
<value>1</value>
</priority>
</transition>
<transition id="Remempty3">
<graphics>
<position x="427.0" y="217.0"/>
</graphics>
<name>
<value>Remempty3</value>
<graphics>
<offset x="48.33333333333336" y="30.55555555555555"/>
</graphics>
</name>
<orientation>
<value>90</value>
</orientation>
<rate>
<value>1.0</value>
</rate>
<timed>
<value>false</value>
</timed>
<infiniteServer>
<value>false</value>
</infiniteServer>
<priority>
<value>1</value>
</priority>
</transition>
<transition id="Remove0">
<graphics>
<position x="223.0" y="217.0"/>
</graphics>
<name>
<value>Remove0</value>
<graphics>
<offset x="42.0" y="30.0"/>
</graphics>
</name>
<orientation>
<value>90</value>
</orientation>
<rate>
<value>1.0</value>
</rate>
<timed>
<value>false</value>
</timed>
<infiniteServer>
<value>false</value>
</infiniteServer>
<priority>
<value>1</value>
</priority>
</transition>
<transition id="Remove1">
<graphics>
<position x="299.0" y="370.0"/>
</graphics>
<name>
<value>Remove1</value>
<graphics>
<offset x="33.888888888888886" y="30.555555555555564"/>
</graphics>
</name>
<orientation>
<value>90</value>
</orientation>
<rate>
<value>1.0</value>
</rate>
<timed>
<value>false</value>
</timed>
<infiniteServer>
<value>false</value>
</infiniteServer>
<priority>
<value>1</value>
</priority>
</transition>
<transition id="Remove2">
<graphics>
<position x="588.0" y="320.0"/>
</graphics>
<name>
<value>Remove2</value>
<graphics>
<offset x="40.55555555555557" y="28.333333333333332"/>
</graphics>
</name>
<orientation>
<value>90</value>
</orientation>
<rate>
<value>1.0</value>
</rate>
<timed>
<value>false</value>
</timed>
<infiniteServer>
<value>false</value>
</infiniteServer>
<priority>
<value>1</value>
</priority>
</transition>
<transition id="Remove3">
<graphics>
<position x="427.0" y="187.0"/>
</graphics>
<name>
<value>Remove3</value>
<graphics>
<offset x="44.0" y="28.0"/>
</graphics>
</name>
<orientation>
<value>90</value>
</orientation>
<rate>
<value>1.0</value>
</rate>
<timed>
<value>false</value>
</timed>
<infiniteServer>
<value>false</value>
</infiniteServer>
<priority>
<value>1</value>
</priority>
</transition>
<transition id="RemoveGlobal">
<graphics>
<position x="607.0" y="82.0"/>
</graphics>
<name>
<value>RemoveGlobal</value>
<graphics>
<offset x="55.00000000000005" y="35.0"/>
</graphics>
</name>
<orientation>
<value>90</value>
</orientation>
<rate>
<value>1.0</value>
</rate>
<timed>
<value>false</value>
</timed>
<infiniteServer>
<value>false</value>
</infiniteServer>
<priority>
<value>1</value>
</priority>
</transition>
<transition id="ReturnCPU0">
<graphics>
<position x="113.0" y="202.0"/>
</graphics>
<name>
<value>ReturnCPU0</value>
<graphics>
<offset x="46.66666666666666" y="33.55555555555556"/>
</graphics>
</name>
<orientation>
<value>90</value>
</orientation>
<rate>
<value>1.0</value>
</rate>
<timed>
<value>false</value>
</timed>
<infiniteServer>
<value>false</value>
</infiniteServer>
<priority>
<value>1</value>
</priority>
</transition>
<transition id="ReturnCPU1">
<graphics>
<position x="268.0" y="500.0"/>
</graphics>
<name>
<value>ReturnCPU1</value>
<graphics>
<offset x="64.66666666666669" y="33.11111111111111"/>
</graphics>
</name>
<orientation>
<value>90</value>
</orientation>
<rate>
<value>1.0</value>
</rate>
<timed>
<value>false</value>
</timed>
<infiniteServer>
<value>false</value>
</infiniteServer>
<priority>
<value>1</value>
</priority>
</transition>
<transition id="ReturnCPU2">
<graphics>
<position x="625.0" y="378.0"/>
</graphics>
<name>
<value>ReturnCPU2</value>
<graphics>
<offset x="46.444444444444464" y="4.555555555555557"/>
</graphics>
</name>
<orientation>
<value>90</value>
</orientation>
<rate>
<value>1.0</value>
</rate>
<timed>
<value>false</value>
</timed>
<infiniteServer>
<value>false</value>
</infiniteServer>
<priority>
<value>1</value>
</priority>
</transition>
<transition id="ReturnCPU3">
<graphics>
<position x="449.8888888888889" y="60.0"/>
</graphics>
<name>
<value>ReturnCPU3</value>
<graphics>
<offset x="38.44444444444443" y="32.0"/>
</graphics>
</name>
<orientation>
<value>90</value>
</orientation>
<rate>
<value>1.0</value>
</rate>
<timed>
<value>false</value>
</timed>
<infiniteServer>
<value>false</value>
</infiniteServer>
<priority>
<value>1</value>
</priority>
</transition>
<transition id="ReturnWait0">
<graphics>
<position x="113.0" y="172.0"/>
</graphics>
<name>
<value>ReturnWait0</value>
<graphics>
<offset x="49.0" y="6.0"/>
</graphics>
</name>
<orientation>
<value>90</value>
</orientation>
<rate>
<value>1.0</value>
</rate>
<timed>
<value>false</value>
</timed>
<infiniteServer>
<value>false</value>
</infiniteServer>
<priority>
<value>1</value>
</priority>
</transition>
<transition id="ReturnWait1">
<graphics>
<position x="228.0" y="500.0"/>
</graphics>
<name>
<value>ReturnWait1</value>
<graphics>
<offset x="41.111111111111114" y="32.111111111111114"/>
</graphics>
</name>
<orientation>
<value>90</value>
</orientation>
<rate>
<value>1.0</value>
</rate>
<timed>
<value>false</value>
</timed>
<infiniteServer>
<value>false</value>
</infiniteServer>
<priority>
<value>1</value>
</priority>
</transition>
<transition id="ReturnWait2">
<graphics>
<position x="625.0" y="412.0"/>
</graphics>
<name>
<value>ReturnWait2</value>
<graphics>
<offset x="46.0" y="34.0"/>
</graphics>
</name>
<orientation>
<value>90</value>
</orientation>
<rate>
<value>1.0</value>
</rate>
<timed>
<value>false</value>
</timed>
<infiniteServer>
<value>false</value>
</infiniteServer>
<priority>
<value>1</value>
</priority>
</transition>
<transition id="ReturnWait3">
<graphics>
<position x="492.0" y="60.0"/>
</graphics>
<name>
<value>ReturnWait3</value>
<graphics>
<offset x="60.888888888888886" y="31.000000000000004"/>
</graphics>
</name>
<orientation>
<value>90</value>
</orientation>
<rate>
<value>1.0</value>
</rate>
<timed>
<value>false</value>
</timed>
<infiniteServer>
<value>false</value>
</infiniteServer>
<priority>
<value>1</value>
</priority>
</transition>
<transition id="StartSMP">
<graphics>
<position x="84.0" y="563.0"/>
</graphics>
<name>
<value>StartSMP</value>
<graphics>
<offset x="38.22222222222223" y="36.55555555555556"/>
</graphics>
</name>
<orientation>
<value>90</value>
</orientation>
<rate>
<value>1.0</value>
</rate>
<timed>
<value>false</value>
</timed>
<infiniteServer>
<value>false</value>
</infiniteServer>
<priority>
<value>1</value>
</priority>
</transition>
<transition id="TG">
<graphics>
<position x="607.0" y="22.0"/>
</graphics>
<name>
<value>TG</value>
<graphics>
<offset x="21.66666666666666" y="35.0"/>
</graphics>
</name>
<orientation>
<value>90</value>
</orientation>
<rate>
<value>1.0</value>
</rate>
<timed>
<value>false</value>
</timed>
<infiniteServer>
<value>false</value>
</infiniteServer>
<priority>
<value>1</value>
</priority>
</transition>
<transition id="Throw">
<graphics>
<position x="368.0" y="276.0"/>
</graphics>
<name>
<value>Throw</value>
<graphics>
<offset x="32.0" y="37.0"/>
</graphics>
</name>
<orientation>
<value>90</value>
</orientation>
<rate>
<value>1.0</value>
</rate>
<timed>
<value>false</value>
</timed>
<infiniteServer>
<value>false</value>
</infiniteServer>
<priority>
<value>1</value>
</priority>
</transition>
<transition id="Unqueue">
<graphics>
<position x="97.0" y="274.0"/>
</graphics>
<name>
<value>Unqueue</value>
<graphics>
<offset x="41.0" y="32.0"/>
</graphics>
</name>
<orientation>
<value>90</value>
</orientation>
<rate>
<value>1.0</value>
</rate>
<timed>
<value>false</value>
</timed>
<infiniteServer>
<value>false</value>
</infiniteServer>
<priority>
<value>1</value>
</priority>
</transition>
<transition id="Unqueue1">
<graphics>
<position x="368.88888888888886" y="498.88888888888886"/>
</graphics>
<name>
<value>Unqueue1</value>
<graphics>
<offset x="41.666666666666686" y="28.33333333333333"/>
</graphics>
</name>
<orientation>
<value>90</value>
</orientation>
<rate>
<value>1.0</value>
</rate>
<timed>
<value>false</value>
</timed>
<infiniteServer>
<value>false</value>
</infiniteServer>
<priority>
<value>1</value>
</priority>
</transition>
<transition id="Unqueue2">
<graphics>
<position x="652.0" y="278.0"/>
</graphics>
<name>
<value>Unqueue2</value>
<graphics>
<offset x="42.7777777777778" y="31.666666666666668"/>
</graphics>
</name>
<orientation>
<value>90</value>
</orientation>
<rate>
<value>1.0</value>
</rate>
<timed>
<value>false</value>
</timed>
<infiniteServer>
<value>false</value>
</infiniteServer>
<priority>
<value>1</value>
</priority>
</transition>
<transition id="Unqueue3">
<graphics>
<position x="364.8888888888889" y="57.11111111111111"/>
</graphics>
<name>
<value>Unqueue3</value>
<graphics>
<offset x="44.0" y="32.0"/>
</graphics>
</name>
<orientation>
<value>90</value>
</orientation>
<rate>
<value>1.0</value>
</rate>
<timed>
<value>false</value>
</timed>
<infiniteServer>
<value>false</value>
</infiniteServer>
<priority>
<value>1</value>
</priority>
</transition>
<arc id="Addtoqueue0 to Cantq0" source="Addtoqueue0" target="Cantq0">
<graphics/>
<inscription>
<value>Default,1</value>
<graphics/>
</inscription>
<tagged>
<value>false</value>
</tagged>
<arcpath id="000" x="243" y="286" curvePoint="false"/>
<arcpath id="001" x="287" y="286" curvePoint="false"/>
<type value="normal"/>
</arc>
<arc id="Addtoqueue0 to Queue0" source="Addtoqueue0" target="Queue0">
<graphics/>
<inscription>
<value>Default,1</value>
<graphics/>
</inscription>
<tagged>
<value>false</value>
</tagged>
<arcpath id="000" x="213" y="285" curvePoint="false"/>
<arcpath id="001" x="180" y="285" curvePoint="false"/>
<type value="normal"/>
</arc>
<arc id="Addtoqueue1 to Cantq1" source="Addtoqueue1" target="Cantq1">
<graphics/>
<inscription>
<value>Default,1</value>
<graphics/>
</inscription>
<tagged>
<value>false</value>
</tagged>
<arcpath id="000" x="378" y="402" curvePoint="false"/>
<arcpath id="001" x="378" y="358" curvePoint="false"/>
<type value="normal"/>
</arc>
<arc id="Addtoqueue1 to Queue1" source="Addtoqueue1" target="Queue1">
<graphics/>
<inscription>
<value>Default,1</value>
<graphics/>
</inscription>
<tagged>
<value>false</value>
</tagged>
<arcpath id="000" x="378" y="412" curvePoint="false"/>
<arcpath id="001" x="378" y="452" curvePoint="false"/>
<type value="normal"/>
</arc>
<arc id="Addtoqueue2 to Cantq2" source="Addtoqueue2" target="Cantq2">
<graphics/>
<inscription>
<value>Default,1</value>
<graphics/>
</inscription>
<tagged>
<value>false</value>
</tagged>
<arcpath id="000" x="504" y="287" curvePoint="false"/>
<arcpath id="001" x="467" y="287" curvePoint="false"/>
<type value="normal"/>
</arc>
<arc id="Addtoqueue2 to Queue2" source="Addtoqueue2" target="Queue2">
<graphics/>
<inscription>
<value>Default,1</value>
<graphics/>
</inscription>
<tagged>
<value>false</value>
</tagged>
<arcpath id="000" x="534" y="288" curvePoint="false"/>
<arcpath id="001" x="583" y="288" curvePoint="false"/>
<type value="normal"/>
</arc>
<arc id="Addtoqueue3 to Cantq3" source="Addtoqueue3" target="Cantq3">
<graphics/>
<inscription>
<value>Default,1</value>
<graphics/>
</inscription>
<tagged>
<value>false</value>
</tagged>
<arcpath id="000" x="377" y="185" curvePoint="false"/>
<arcpath id="001" x="377" y="212" curvePoint="false"/>
<type value="normal"/>
</arc>
<arc id="Addtoqueue3 to Queue3" source="Addtoqueue3" target="Queue3">
<graphics/>
<inscription>
<value>Default,1</value>
<graphics/>
</inscription>
<tagged>
<value>false</value>
</tagged>
<arcpath id="000" x="376" y="175" curvePoint="false"/>
<arcpath id="001" x="376" y="137" curvePoint="false"/>
<type value="normal"/>
</arc>
<arc id="Cantq0 to Addtoqueue0" source="Cantq0" target="Addtoqueue0">
<graphics/>
<inscription>
<value/>
<graphics/>
</inscription>
<tagged>
<value/>
</tagged>
<arcpath id="000" x="290" y="295" curvePoint="false"/>
<arcpath id="001" x="244" y="303" curvePoint="true"/>
<arcpath id="002" x="233" y="291" curvePoint="false"/>
<type value="inhibitor"/>
</arc>
<arc id="Cantq0 to Exec0" source="Cantq0" target="Exec0">
<graphics/>
<inscription>
<value>Default,1</value>
<graphics/>
</inscription>
<tagged>
<value>false</value>
</tagged>
<arcpath id="000" x="294" y="298" curvePoint="false"/>
<arcpath id="001" x="125" y="434" curvePoint="true"/>
<arcpath id="002" x="67" y="436" curvePoint="false"/>
<type value="normal"/>
</arc>
<arc id="Cantq0 to Execempty0" source="Cantq0" target="Execempty0">
<graphics/>
<inscription>
<value/>
<graphics/>
</inscription>
<tagged>
<value/>
</tagged>
<arcpath id="000" x="296" y="300" curvePoint="false"/>
<arcpath id="001" x="146" y="476" curvePoint="true"/>
<arcpath id="002" x="123" y="480" curvePoint="false"/>
<type value="inhibitor"/>
</arc>
<arc id="Cantq0 to Remempty0" source="Cantq0" target="Remempty0">
<graphics/>
<inscription>
<value/>
<graphics/>
</inscription>
<tagged>
<value/>
</tagged>
<arcpath id="000" x="301" y="271" curvePoint="false"/>
<arcpath id="001" x="301" y="228" curvePoint="true"/>
<type value="inhibitor"/>
</arc>
<arc id="Cantq0 to Remove0" source="Cantq0" target="Remove0">
<graphics/>
<inscription>
<value>Default,1</value>
<graphics/>
</inscription>
<tagged>
<value>false</value>
</tagged>
<arcpath id="000" x="288" y="281" curvePoint="false"/>
<arcpath id="001" x="237" y="233" curvePoint="true"/>
<type value="normal"/>
</arc>
<arc id="Cantq0 to Throw" source="Cantq0" target="Throw">
<graphics/>
<inscription>
<value>Default,1</value>
<graphics/>
</inscription>
<tagged>
<value>false</value>
</tagged>
<arcpath id="000" x="317" y="286" curvePoint="false"/>
<arcpath id="001" x="363" y="286" curvePoint="false"/>
<type value="normal"/>
</arc>
<arc id="Cantq1 to Addtoqueue1" source="Cantq1" target="Addtoqueue1">
<graphics/>
<inscription>
<value/>
<graphics/>
</inscription>
<tagged>
<value/>
</tagged>
<arcpath id="000" x="390" y="354" curvePoint="false"/>
<arcpath id="001" x="406" y="396" curvePoint="true"/>
<arcpath id="002" x="394" y="408" curvePoint="false"/>
<type value="inhibitor"/>
</arc>
<arc id="Cantq1 to Exec1" source="Cantq1" target="Exec1">
<graphics/>
<inscription>
<value>Default,1</value>
<graphics/>
</inscription>
<tagged>
<value>false</value>
</tagged>
<arcpath id="000" x="392" y="350" curvePoint="false"/>
<arcpath id="001" x="556" y="502" curvePoint="true"/>
<arcpath id="002" x="560" y="566" curvePoint="false"/>
<type value="normal"/>
</arc>
<arc id="Cantq1 to Execempty1" source="Cantq1" target="Execempty1">
<graphics/>
<inscription>
<value/>
<graphics/>
</inscription>
<tagged>
<value/>
</tagged>
<arcpath id="000" x="392" y="350" curvePoint="false"/>
<arcpath id="001" x="565" y="430" curvePoint="true"/>
<arcpath id="002" x="606" y="476" curvePoint="true"/>
<arcpath id="003" x="610" y="504" curvePoint="false"/>
<type value="inhibitor"/>
</arc>
<arc id="Cantq1 to Remempty1" source="Cantq1" target="Remempty1">
<graphics/>
<inscription>
<value/>
<graphics/>
</inscription>
<tagged>
<value/>
</tagged>
<arcpath id="000" x="363" y="343" curvePoint="false"/>
<arcpath id="001" x="317" y="343" curvePoint="false"/>
<type value="inhibitor"/>
</arc>
<arc id="Cantq1 to Remove1" source="Cantq1" target="Remove1">
<graphics/>
<inscription>
<value>Default,1</value>
<graphics/>
</inscription>
<tagged>
<value>false</value>
</tagged>
<arcpath id="000" x="368" y="354" curvePoint="false"/>
<arcpath id="001" x="324" y="381" curvePoint="true"/>
<type value="normal"/>
</arc>
<arc id="Cantq1 to Throw" source="Cantq1" target="Throw">
<graphics/>
<inscription>
<value>Default,1</value>
<graphics/>
</inscription>
<tagged>
<value>false</value>
</tagged>
<arcpath id="000" x="377" y="328" curvePoint="false"/>
<arcpath id="001" x="377" y="291" curvePoint="false"/>
<type value="normal"/>
</arc>
<arc id="Cantq2 to Addtoqueue2" source="Cantq2" target="Addtoqueue2">
<graphics/>
<inscription>
<value/>
<graphics/>
</inscription>
<tagged>
<value/>
</tagged>
<arcpath id="000" x="462" y="276" curvePoint="false"/>
<arcpath id="001" x="501" y="262" curvePoint="true"/>
<arcpath id="002" x="518" y="282" curvePoint="false"/>
<type value="inhibitor"/>
</arc>
<arc id="Cantq2 to Exec2" source="Cantq2" target="Exec2">
<graphics/>
<inscription>
<value>Default,1</value>
<graphics/>
</inscription>
<tagged>
<value>false</value>
</tagged>
<arcpath id="000" x="461" y="275" curvePoint="false"/>
<arcpath id="001" x="616" y="163" curvePoint="true"/>
<arcpath id="002" x="700" y="165" curvePoint="false"/>
<type value="normal"/>
</arc>
<arc id="Cantq2 to Execempty2" source="Cantq2" target="Execempty2">
<graphics/>
<inscription>
<value/>
<graphics/>
</inscription>
<tagged>
<value/>
</tagged>
<arcpath id="000" x="457" y="273" curvePoint="false"/>
<arcpath id="001" x="582" y="137" curvePoint="true"/>
<arcpath id="002" x="647" y="137" curvePoint="false"/>
<type value="inhibitor"/>
</arc>
<arc id="Cantq2 to Remempty2" source="Cantq2" target="Remempty2">
<graphics/>
<inscription>
<value/>
<graphics/>
</inscription>
<tagged>
<value/>
</tagged>
<arcpath id="000" x="451" y="302" curvePoint="false"/>
<arcpath id="001" x="461" y="335" curvePoint="true"/>
<arcpath id="002" x="507" y="342" curvePoint="true"/>
<type value="inhibitor"/>
</arc>
<arc id="Cantq2 to Remove2" source="Cantq2" target="Remove2">
<graphics/>
<inscription>
<value>Default,1</value>
<graphics/>
</inscription>
<tagged>
<value>false</value>
</tagged>
<arcpath id="000" x="465" y="294" curvePoint="false"/>
<arcpath id="001" x="583" y="331" curvePoint="true"/>
<type value="normal"/>
</arc>
<arc id="Cantq2 to Throw" source="Cantq2" target="Throw">
<graphics/>
<inscription>
<value>Default,1</value>
<graphics/>
</inscription>
<tagged>
<value>false</value>
</tagged>
<arcpath id="000" x="437" y="287" curvePoint="false"/>
<arcpath id="001" x="393" y="287" curvePoint="false"/>
<type value="normal"/>
</arc>
<arc id="Cantq3 to Addtoqueue3" source="Cantq3" target="Addtoqueue3">
<graphics/>
<inscription>
<value/>
<graphics/>
</inscription>
<tagged>
<value/>
</tagged>
<arcpath id="000" x="365" y="218" curvePoint="false"/>
<arcpath id="001" x="343" y="186" curvePoint="true"/>
<arcpath id="002" x="362" y="181" curvePoint="false"/>
<type value="inhibitor"/>
</arc>
<arc id="Cantq3 to Exec3" source="Cantq3" target="Exec3">
<graphics/>
<inscription>
<value>Default,1</value>
<graphics/>
</inscription>
<tagged>
<value>false</value>
</tagged>
<arcpath id="000" x="364" y="221" curvePoint="false"/>
<arcpath id="001" x="236" y="95" curvePoint="true"/>
<arcpath id="002" x="237" y="25" curvePoint="false"/>
<type value="normal"/>
</arc>
<arc id="Cantq3 to Execempty3" source="Cantq3" target="Execempty3">
<graphics/>
<inscription>
<value/>
<graphics/>
</inscription>
<tagged>
<value/>
</tagged>
<arcpath id="000" x="363" y="224" curvePoint="false"/>
<arcpath id="001" x="180" y="104" curvePoint="true"/>
<arcpath id="002" x="180" y="71" curvePoint="false"/>
<type value="inhibitor"/>
</arc>
<arc id="Cantq3 to Remempty3" source="Cantq3" target="Remempty3">
<graphics/>
<inscription>
<value/>
<graphics/>
</inscription>
<tagged>
<value/>
</tagged>
<arcpath id="000" x="392" y="227" curvePoint="false"/>
<arcpath id="001" x="422" y="227" curvePoint="false"/>
<type value="inhibitor"/>
</arc>
<arc id="Cantq3 to Remove3" source="Cantq3" target="Remove3">
<graphics/>
<inscription>
<value>Default,1</value>
<graphics/>
</inscription>
<tagged>
<value>false</value>
</tagged>
<arcpath id="000" x="387" y="216" curvePoint="false"/>
<arcpath id="001" x="422" y="197" curvePoint="true"/>
<type value="normal"/>
</arc>
<arc id="Cantq3 to Throw" source="Cantq3" target="Throw">
<graphics/>
<inscription>
<value>Default,1</value>
<graphics/>
</inscription>
<tagged>
<value>false</value>
</tagged>
<arcpath id="000" x="377" y="242" curvePoint="false"/>
<arcpath id="001" x="377" y="281" curvePoint="false"/>
<type value="normal"/>
</arc>
<arc id="CPU0 to Fromglobal0" source="CPU0" target="Fromglobal0">
<graphics/>
<inscription>
<value>Default,1</value>
<graphics/>
</inscription>
<tagged>
<value>false</value>
</tagged>
<arcpath id="000" x="195" y="227" curvePoint="false"/>
<arcpath id="001" x="187" y="303" curvePoint="true"/>
<arcpath id="002" x="187" y="356" curvePoint="false"/>
<type value="normal"/>
</arc>
<arc id="CPU0 to Unqueue" source="CPU0" target="Unqueue">
<graphics/>
<inscription>
<value>Default,1</value>
<graphics/>
</inscription>
<tagged>
<value>false</value>
</tagged>
<arcpath id="000" x="184" y="217" curvePoint="false"/>
<arcpath id="001" x="106" y="280" curvePoint="true"/>
<type value="normal"/>
</arc>
<arc id="CPU1 to Fromglobal1" source="CPU1" target="Fromglobal1">
<graphics/>
<inscription>
<value>Default,1</value>
<graphics/>
</inscription>
<tagged>
<value>false</value>
</tagged>
<arcpath id="000" x="292" y="452" curvePoint="false"/>
<arcpath id="001" x="348" y="437" curvePoint="true"/>
<arcpath id="002" x="448" y="437" curvePoint="false"/>
<type value="normal"/>
</arc>
<arc id="CPU1 to Unqueue1" source="CPU1" target="Unqueue1">
<graphics/>
<inscription>
<value>Default,1</value>
<graphics/>
</inscription>
<tagged>
<value>false</value>
</tagged>
<arcpath id="000" x="288" y="468" curvePoint="false"/>
<arcpath id="001" x="364" y="510" curvePoint="true"/>
<type value="normal"/>
</arc>
<arc id="CPU2 to Fromglobal2" source="CPU2" target="Fromglobal2">
<graphics/>
<inscription>
<value>Default,1</value>
<graphics/>
</inscription>
<tagged>
<value>false</value>
</tagged>
<arcpath id="000" x="558" y="374" curvePoint="false"/>
<arcpath id="001" x="563" y="264" curvePoint="true"/>
<arcpath id="002" x="563" y="215" curvePoint="false"/>
<type value="normal"/>
</arc>
<arc id="CPU2 to Unqueue2" source="CPU2" target="Unqueue2">
<graphics/>
<inscription>
<value>Default,1</value>
<graphics/>
</inscription>
<tagged>
<value>false</value>
</tagged>
<arcpath id="000" x="572" y="383" curvePoint="false"/>
<arcpath id="001" x="662" y="293" curvePoint="true"/>
<type value="normal"/>
</arc>
<arc id="CPU3 to Fromglobal3" source="CPU3" target="Fromglobal3">
<graphics/>
<inscription>
<value>Default,1</value>
<graphics/>
</inscription>
<tagged>
<value>false</value>
</tagged>
<arcpath id="000" x="446" y="120" curvePoint="false"/>
<arcpath id="001" x="360" y="150" curvePoint="true"/>
<arcpath id="002" x="320" y="152" curvePoint="false"/>
<type value="normal"/>
</arc>
<arc id="CPU3 to Unqueue3" source="CPU3" target="Unqueue3">
<graphics/>
<inscription>
<value>Default,1</value>
<graphics/>
</inscription>
<tagged>
<value>false</value>
</tagged>
<arcpath id="000" x="450" y="102" curvePoint="false"/>
<arcpath id="001" x="390" y="68" curvePoint="true"/>
<type value="normal"/>
</arc>
<arc id="Exec0 to Executing0" source="Exec0" target="Executing0">
<graphics/>
<inscription>
<value>Default,1</value>
<graphics/>
</inscription>
<tagged>
<value>false</value>
</tagged>
<arcpath id="000" x="46" y="430" curvePoint="false"/>
<arcpath id="001" x="46" y="233" curvePoint="false"/>
<arcpath id="002" x="45" y="227" curvePoint="false"/>
<type value="normal"/>
</arc>
<arc id="Exec1 to Executing1" source="Exec1" target="Executing1">
<graphics/>
<inscription>
<value>Default,1</value>
<graphics/>
</inscription>
<tagged>
<value>false</value>
</tagged>
<arcpath id="000" x="540" y="572" curvePoint="false"/>
<arcpath id="001" x="444" y="572" curvePoint="false"/>
<arcpath id="002" x="292" y="572" curvePoint="false"/>
<type value="normal"/>
</arc>
<arc id="Exec2 to Executing2" source="Exec2" target="Executing2">
<graphics/>
<inscription>
<value>Default,1</value>
<graphics/>
</inscription>
<tagged>
<value>false</value>
</tagged>
<arcpath id="000" x="718" y="171" curvePoint="false"/>
<arcpath id="001" x="718" y="226" curvePoint="false"/>
<arcpath id="002" x="718" y="374" curvePoint="false"/>
<type value="normal"/>
</arc>
<arc id="Exec3 to Executing3" source="Exec3" target="Executing3">
<graphics/>
<inscription>
<value>Default,1</value>
<graphics/>
</inscription>
<tagged>
<value>false</value>
</tagged>
<arcpath id="000" x="258" y="21" curvePoint="false"/>
<arcpath id="001" x="256" y="21" curvePoint="false"/>
<arcpath id="002" x="246" y="22" curvePoint="false"/>
<arcpath id="003" x="445" y="22" curvePoint="false"/>
<type value="normal"/>
</arc>
<arc id="Execempty0 to Executing0" source="Execempty0" target="Executing0">
<graphics/>
<inscription>
<value>Default,1</value>
<graphics/>
</inscription>
<tagged>
<value>false</value>
</tagged>
<arcpath id="000" x="93" y="480" curvePoint="false"/>
<arcpath id="001" x="23" y="436" curvePoint="true"/>
<arcpath id="002" x="42" y="227" curvePoint="true"/>
<type value="normal"/>
</arc>
<arc id="Execempty1 to Executing1" source="Execempty1" target="Executing1">
<graphics/>
<inscription>
<value>Default,1</value>
<graphics/>
</inscription>
<tagged>
<value>false</value>
</tagged>
<arcpath id="000" x="610" y="514" curvePoint="false"/>
<arcpath id="001" x="541" y="593" curvePoint="true"/>
<arcpath id="002" x="292" y="574" curvePoint="true"/>
<type value="normal"/>
</arc>
<arc id="Execempty2 to Executing2" source="Execempty2" target="Executing2">
<graphics/>
<inscription>
<value>Default,1</value>
<graphics/>
</inscription>
<tagged>
<value>false</value>
</tagged>
<arcpath id="000" x="677" y="138" curvePoint="false"/>
<arcpath id="001" x="745" y="181" curvePoint="true"/>
<arcpath id="002" x="721" y="374" curvePoint="true"/>
<type value="normal"/>
</arc>
<arc id="Execempty3 to Executing3" source="Execempty3" target="Executing3">
<graphics/>
<inscription>
<value>Default,1</value>
<graphics/>
</inscription>
<tagged>
<value>false</value>
</tagged>
<arcpath id="000" x="180" y="61" curvePoint="false"/>
<arcpath id="001" x="228" y="7" curvePoint="true"/>
<arcpath id="002" x="445" y="21" curvePoint="true"/>
<type value="normal"/>
</arc>
<arc id="Executing0 to ReturnCPU0" source="Executing0" target="ReturnCPU0">
<graphics/>
<inscription>
<value>Default,1</value>
<graphics/>
</inscription>
<tagged>
<value>false</value>
</tagged>
<arcpath id="000" x="58" y="212" curvePoint="false"/>
<arcpath id="001" x="108" y="212" curvePoint="false"/>
<type value="normal"/>
</arc>
<arc id="Executing0 to ReturnWait0" source="Executing0" target="ReturnWait0">
<graphics/>
<inscription>
<value>Default,1</value>
<graphics/>
</inscription>
<tagged>
<value>false</value>
</tagged>
<arcpath id="000" x="51" y="198" curvePoint="false"/>
<arcpath id="001" x="76" y="182" curvePoint="true"/>
<arcpath id="002" x="108" y="182" curvePoint="false"/>
<type value="normal"/>
</arc>
<arc id="Executing1 to ReturnCPU1" source="Executing1" target="ReturnCPU1">
<graphics/>
<inscription>
<value>Default,1</value>
<graphics/>
</inscription>
<tagged>
<value>false</value>
</tagged>
<arcpath id="000" x="277" y="557" curvePoint="false"/>
<arcpath id="001" x="277" y="515" curvePoint="false"/>
<type value="normal"/>
</arc>
<arc id="Executing1 to ReturnWait1" source="Executing1" target="ReturnWait1">
<graphics/>
<inscription>
<value>Default,1</value>
<graphics/>
</inscription>
<tagged>
<value>false</value>
</tagged>
<arcpath id="000" x="264" y="565" curvePoint="false"/>
<arcpath id="001" x="237" y="532" curvePoint="true"/>
<arcpath id="002" x="237" y="515" curvePoint="false"/>
<type value="normal"/>
</arc>
<arc id="Executing2 to ReturnCPU2" source="Executing2" target="ReturnCPU2">
<graphics/>
<inscription>
<value>Default,1</value>
<graphics/>
</inscription>
<tagged>
<value>false</value>
</tagged>
<arcpath id="000" x="703" y="388" curvePoint="false"/>
<arcpath id="001" x="650" y="388" curvePoint="false"/>
<type value="normal"/>
</arc>
<arc id="Executing2 to ReturnWait2" source="Executing2" target="ReturnWait2">
<graphics/>
<inscription>
<value>Default,1</value>
<graphics/>
</inscription>
<tagged>
<value>false</value>
</tagged>
<arcpath id="000" x="710" y="401" curvePoint="false"/>
<arcpath id="001" x="676" y="423" curvePoint="true"/>
<arcpath id="002" x="650" y="423" curvePoint="false"/>
<type value="normal"/>
</arc>
<arc id="Executing3 to ReturnCPU3" source="Executing3" target="ReturnCPU3">
<graphics/>
<inscription>
<value>Default,1</value>
<graphics/>
</inscription>
<tagged>
<value>false</value>
</tagged>
<arcpath id="000" x="460" y="37" curvePoint="false"/>
<arcpath id="001" x="460" y="65" curvePoint="false"/>
<type value="normal"/>
</arc>
<arc id="Executing3 to ReturnWait3" source="Executing3" target="ReturnWait3">
<graphics/>
<inscription>
<value>Default,1</value>
<graphics/>
</inscription>
<tagged>
<value>false</value>
</tagged>
<arcpath id="000" x="475" y="24" curvePoint="false"/>
<arcpath id="001" x="502" y="42" curvePoint="true"/>
<arcpath id="002" x="502" y="65" curvePoint="false"/>
<type value="normal"/>
</arc>
<arc id="Fromglobal0 to Toexec0" source="Fromglobal0" target="Toexec0">
<graphics/>
<inscription>
<value>Default,1</value>
<graphics/>
</inscription>
<tagged>
<value>false</value>
</tagged>
<arcpath id="000" x="173" y="362" curvePoint="false"/>
<arcpath id="001" x="122" y="362" curvePoint="false"/>
<type value="normal"/>
</arc>
<arc id="Fromglobal1 to Toexec1" source="Fromglobal1" target="Toexec1">
<graphics/>
<inscription>
<value>Default,1</value>
<graphics/>
</inscription>
<tagged>
<value>false</value>
</tagged>
<arcpath id="000" x="463" y="442" curvePoint="false"/>
<arcpath id="001" x="463" y="495" curvePoint="false"/>
<type value="normal"/>
</arc>
<arc id="Fromglobal2 to Toexec2" source="Fromglobal2" target="Toexec2">
<graphics/>
<inscription>
<value>Default,1</value>
<graphics/>
</inscription>
<tagged>
<value>false</value>
</tagged>
<arcpath id="000" x="578" y="211" curvePoint="false"/>
<arcpath id="001" x="647" y="212" curvePoint="false"/>
<type value="normal"/>
</arc>
<arc id="Fromglobal3 to Toexec3" source="Fromglobal3" target="Toexec3">
<graphics/>
<inscription>
<value>Default,1</value>
<graphics/>
</inscription>
<tagged>
<value>false</value>
</tagged>
<arcpath id="000" x="304" y="146" curvePoint="false"/>
<arcpath id="001" x="304" y="82" curvePoint="false"/>
<type value="normal"/>
</arc>
<arc id="Globalqueue to Fromglobal0" source="Globalqueue" target="Fromglobal0">
<graphics/>
<inscription>
<value>Default,1</value>
<graphics/>
</inscription>
<tagged>
<value>false</value>
</tagged>
<arcpath id="000" x="555" y="74" curvePoint="false"/>
<arcpath id="001" x="386" y="306" curvePoint="true"/>
<arcpath id="002" x="236" y="336" curvePoint="true"/>
<arcpath id="003" x="203" y="362" curvePoint="false"/>
<type value="normal"/>
</arc>
<arc id="Globalqueue to Fromglobal1" source="Globalqueue" target="Fromglobal1">
<graphics/>
<inscription>
<value>Default,1</value>
<graphics/>
</inscription>
<tagged>
<value>false</value>
</tagged>
<arcpath id="000" x="556" y="75" curvePoint="false"/>
<arcpath id="001" x="461" y="406" curvePoint="true"/>
<arcpath id="002" x="463" y="432" curvePoint="false"/>
<type value="normal"/>
</arc>
<arc id="Globalqueue to Fromglobal2" source="Globalqueue" target="Fromglobal2">
<graphics/>
<inscription>
<value>Default,1</value>
<graphics/>
</inscription>
<tagged>
<value>false</value>
</tagged>
<arcpath id="000" x="563" y="76" curvePoint="false"/>
<arcpath id="001" x="563" y="205" curvePoint="false"/>
<type value="normal"/>
</arc>
<arc id="Globalqueue to Fromglobal3" source="Globalqueue" target="Fromglobal3">
<graphics/>
<inscription>
<value>Default,1</value>
<graphics/>
</inscription>
<tagged>
<value>false</value>
</tagged>
<arcpath id="000" x="553" y="73" curvePoint="false"/>
<arcpath id="001" x="464" y="145" curvePoint="true"/>
<arcpath id="002" x="343" y="155" curvePoint="true"/>
<arcpath id="003" x="320" y="152" curvePoint="false"/>
<type value="normal"/>
</arc>
<arc id="Globalqueue to RemoveGlobal" source="Globalqueue" target="RemoveGlobal">
<graphics/>
<inscription>
<value>Default,1</value>
<graphics/>
</inscription>
<tagged>
<value>false</value>
</tagged>
<arcpath id="000" x="578" y="63" curvePoint="false"/>
<arcpath id="001" x="616" y="87" curvePoint="true"/>
<type value="normal"/>
</arc>
<arc id="Queue0 to Remempty0" source="Queue0" target="Remempty0">
<graphics/>
<inscription>
<value>Default,1</value>
<graphics/>
</inscription>
<tagged>
<value>false</value>
</tagged>
<arcpath id="000" x="180" y="282" curvePoint="false"/>
<arcpath id="001" x="224" y="266" curvePoint="true"/>
<arcpath id="002" x="265" y="231" curvePoint="true"/>
<arcpath id="003" x="285" y="224" curvePoint="true"/>
<type value="normal"/>
</arc>
<arc id="Queue0 to Remove0" source="Queue0" target="Remove0">
<graphics/>
<inscription>
<value>Default,1</value>
<graphics/>
</inscription>
<tagged>
<value>false</value>
</tagged>
<arcpath id="000" x="178" y="280" curvePoint="false"/>
<arcpath id="001" x="227" y="232" curvePoint="true"/>
<type value="normal"/>
</arc>
<arc id="Queue0 to Unqueue" source="Queue0" target="Unqueue">
<graphics/>
<inscription>
<value>Default,1</value>
<graphics/>
</inscription>
<tagged>
<value>false</value>
</tagged>
<arcpath id="000" x="151" y="285" curvePoint="false"/>
<arcpath id="001" x="122" y="285" curvePoint="false"/>
<type value="normal"/>
</arc>
<arc id="Queue1 to Remempty1" source="Queue1" target="Remempty1">
<graphics/>
<inscription>
<value>Default,1</value>
<graphics/>
</inscription>
<tagged>
<value>false</value>
</tagged>
<arcpath id="000" x="365" y="462" curvePoint="false"/>
<arcpath id="001" x="276" y="415" curvePoint="true"/>
<arcpath id="002" x="270" y="352" curvePoint="true"/>
<arcpath id="003" x="287" y="342" curvePoint="true"/>
<type value="normal"/>
</arc>
<arc id="Queue1 to Remove1" source="Queue1" target="Remove1">
<graphics/>
<inscription>
<value>Default,1</value>
<graphics/>
</inscription>
<tagged>
<value>false</value>
</tagged>
<arcpath id="000" x="366" y="458" curvePoint="false"/>
<arcpath id="001" x="308" y="385" curvePoint="true"/>
<type value="normal"/>
</arc>
<arc id="Queue1 to Unqueue1" source="Queue1" target="Unqueue1">
<graphics/>
<inscription>
<value>Default,1</value>
<graphics/>
</inscription>
<tagged>
<value>false</value>
</tagged>
<arcpath id="000" x="378" y="482" curvePoint="false"/>
<arcpath id="001" x="378" y="504" curvePoint="false"/>
<type value="normal"/>
</arc>
<arc id="Queue2 to Remempty2" source="Queue2" target="Remempty2">
<graphics/>
<inscription>
<value>Default,1</value>
<graphics/>
</inscription>
<tagged>
<value>false</value>
</tagged>
<arcpath id="000" x="584" y="292" curvePoint="false"/>
<arcpath id="001" x="522" y="336" curvePoint="true"/>
<type value="normal"/>
</arc>
<arc id="Queue2 to Remove2" source="Queue2" target="Remove2">
<graphics/>
<inscription>
<value>Default,1</value>
<graphics/>
</inscription>
<tagged>
<value>false</value>
</tagged>
<arcpath id="000" x="597" y="303" curvePoint="false"/>
<arcpath id="001" x="597" y="325" curvePoint="true"/>
<type value="normal"/>
</arc>
<arc id="Queue2 to Unqueue2" source="Queue2" target="Unqueue2">
<graphics/>
<inscription>
<value>Default,1</value>
<graphics/>
</inscription>
<tagged>
<value>false</value>
</tagged>
<arcpath id="000" x="613" y="288" curvePoint="false"/>
<arcpath id="001" x="647" y="288" curvePoint="false"/>
<type value="normal"/>
</arc>
<arc id="Queue3 to Remempty3" source="Queue3" target="Remempty3">
<graphics/>
<inscription>
<value>Default,1</value>
<graphics/>
</inscription>
<tagged>
<value>false</value>
</tagged>
<arcpath id="000" x="390" y="127" curvePoint="false"/>
<arcpath id="001" x="460" y="166" curvePoint="true"/>
<arcpath id="002" x="480" y="215" curvePoint="true"/>
<arcpath id="003" x="452" y="228" curvePoint="true"/>
<type value="normal"/>
</arc>
<arc id="Queue3 to Remove3" source="Queue3" target="Remove3">
<graphics/>
<inscription>
<value>Default,1</value>
<graphics/>
</inscription>
<tagged>
<value>false</value>
</tagged>
<arcpath id="000" x="388" y="131" curvePoint="false"/>
<arcpath id="001" x="436" y="192" curvePoint="true"/>
<type value="normal"/>
</arc>
<arc id="Queue3 to Unqueue3" source="Queue3" target="Unqueue3">
<graphics/>
<inscription>
<value>Default,1</value>
<graphics/>
</inscription>
<tagged>
<value>false</value>
</tagged>
<arcpath id="000" x="375" y="107" curvePoint="false"/>
<arcpath id="001" x="375" y="72" curvePoint="false"/>
<type value="normal"/>
</arc>
<arc id="ReturnCPU0 to CPU0" source="ReturnCPU0" target="CPU0">
<graphics/>
<inscription>
<value>Default,1</value>
<graphics/>
</inscription>
<tagged>
<value>false</value>
</tagged>
<arcpath id="000" x="138" y="213" curvePoint="false"/>
<arcpath id="001" x="183" y="213" curvePoint="false"/>
<type value="normal"/>
</arc>
<arc id="ReturnCPU1 to CPU1" source="ReturnCPU1" target="CPU1">
<graphics/>
<inscription>
<value>Default,1</value>
<graphics/>
</inscription>
<tagged>
<value>false</value>
</tagged>
<arcpath id="000" x="277" y="505" curvePoint="false"/>
<arcpath id="001" x="277" y="473" curvePoint="false"/>
<type value="normal"/>
</arc>
<arc id="ReturnCPU2 to CPU2" source="ReturnCPU2" target="CPU2">
<graphics/>
<inscription>
<value>Default,1</value>
<graphics/>
</inscription>
<tagged>
<value>false</value>
</tagged>
<arcpath id="000" x="620" y="388" curvePoint="false"/>
<arcpath id="001" x="573" y="388" curvePoint="false"/>
<type value="normal"/>
</arc>
<arc id="ReturnCPU3 to CPU3" source="ReturnCPU3" target="CPU3">
<graphics/>
<inscription>
<value>Default,1</value>
<graphics/>
</inscription>
<tagged>
<value>false</value>
</tagged>
<arcpath id="000" x="460" y="75" curvePoint="false"/>
<arcpath id="001" x="460" y="98" curvePoint="false"/>
<type value="normal"/>
</arc>
<arc id="ReturnWait0 to CPU0" source="ReturnWait0" target="CPU0">
<graphics/>
<inscription>
<value>Default,1</value>
<graphics/>
</inscription>
<tagged>
<value>false</value>
</tagged>
<arcpath id="000" x="138" y="183" curvePoint="false"/>
<arcpath id="001" x="158" y="185" curvePoint="true"/>
<arcpath id="002" x="186" y="204" curvePoint="false"/>
<type value="normal"/>
</arc>
<arc id="ReturnWait1 to CPU1" source="ReturnWait1" target="CPU1">
<graphics/>
<inscription>
<value>Default,1</value>
<graphics/>
</inscription>
<tagged>
<value>false</value>
</tagged>
<arcpath id="000" x="237" y="505" curvePoint="false"/>
<arcpath id="001" x="245" y="470" curvePoint="true"/>
<arcpath id="002" x="264" y="463" curvePoint="false"/>
<type value="normal"/>
</arc>
<arc id="ReturnWait2 to CPU2" source="ReturnWait2" target="CPU2">
<graphics/>
<inscription>
<value>Default,1</value>
<graphics/>
</inscription>
<tagged>
<value>false</value>
</tagged>
<arcpath id="000" x="620" y="422" curvePoint="false"/>
<arcpath id="001" x="586" y="413" curvePoint="true"/>
<arcpath id="002" x="570" y="398" curvePoint="false"/>
<type value="normal"/>
</arc>
<arc id="ReturnWait3 to CPU3" source="ReturnWait3" target="CPU3">
<graphics/>
<inscription>
<value>Default,1</value>
<graphics/>
</inscription>
<tagged>
<value>false</value>
</tagged>
<arcpath id="000" x="502" y="75" curvePoint="false"/>
<arcpath id="001" x="495" y="95" curvePoint="true"/>
<arcpath id="002" x="473" y="106" curvePoint="false"/>
<type value="normal"/>
</arc>
<arc id="SMPnotready to Addtoqueue0" source="SMPnotready" target="Addtoqueue0">
<graphics/>
<inscription>
<value/>
<graphics/>
</inscription>
<tagged>
<value/>
</tagged>
<arcpath id="000" x="167" y="560" curvePoint="false"/>
<arcpath id="001" x="221" y="333" curvePoint="true"/>
<arcpath id="002" x="223" y="290" curvePoint="false"/>
<type value="inhibitor"/>
</arc>
<arc id="SMPnotready to Addtoqueue1" source="SMPnotready" target="Addtoqueue1">
<graphics/>
<inscription>
<value/>
<graphics/>
</inscription>
<tagged>
<value/>
</tagged>
<arcpath id="000" x="166" y="560" curvePoint="false"/>
<arcpath id="001" x="285" y="405" curvePoint="true"/>
<arcpath id="002" x="364" y="407" curvePoint="false"/>
<type value="inhibitor"/>
</arc>
<arc id="SMPnotready to Addtoqueue2" source="SMPnotready" target="Addtoqueue2">
<graphics/>
<inscription>
<value/>
<graphics/>
</inscription>
<tagged>
<value/>
</tagged>
<arcpath id="000" x="155" y="587" curvePoint="false"/>
<arcpath id="001" x="210" y="653" curvePoint="true"/>
<arcpath id="002" x="520" y="603" curvePoint="true"/>
<arcpath id="003" x="505" y="304" curvePoint="true"/>
<arcpath id="004" x="518" y="292" curvePoint="false"/>
<type value="inhibitor"/>
</arc>
<arc id="SMPnotready to Addtoqueue3" source="SMPnotready" target="Addtoqueue3">
<graphics/>
<inscription>
<value/>
<graphics/>
</inscription>
<tagged>
<value/>
</tagged>
<arcpath id="000" x="157" y="588" curvePoint="false"/>
<arcpath id="001" x="224" y="644" curvePoint="true"/>
<arcpath id="002" x="510" y="594" curvePoint="true"/>
<arcpath id="003" x="434" y="313" curvePoint="true"/>
<arcpath id="004" x="404" y="186" curvePoint="true"/>
<arcpath id="005" x="392" y="181" curvePoint="true"/>
<type value="inhibitor"/>
</arc>
<arc id="SMPnotready to Exec0" source="SMPnotready" target="Exec0">
<graphics/>
<inscription>
<value/>
<graphics/>
</inscription>
<tagged>
<value/>
</tagged>
<arcpath id="000" x="148" y="567" curvePoint="false"/>
<arcpath id="001" x="50" y="462" curvePoint="true"/>
<arcpath id="002" x="52" y="440" curvePoint="false"/>
<type value="inhibitor"/>
</arc>
<arc id="SMPnotready to Fromglobal1" source="SMPnotready" target="Fromglobal1">
<graphics/>
<inscription>
<value/>
<graphics/>
</inscription>
<tagged>
<value/>
</tagged>
<arcpath id="000" x="167" y="588" curvePoint="false"/>
<arcpath id="001" x="221" y="622" curvePoint="true"/>
<arcpath id="002" x="381" y="594" curvePoint="true"/>
<arcpath id="003" x="416" y="451" curvePoint="true"/>
<arcpath id="004" x="448" y="437" curvePoint="false"/>
<type value="inhibitor"/>
</arc>
<arc id="SMPnotready to Fromglobal2" source="SMPnotready" target="Fromglobal2">
<graphics/>
<inscription>
<value/>
<graphics/>
</inscription>
<tagged>
<value/>
</tagged>
<arcpath id="000" x="163" y="590" curvePoint="false"/>
<arcpath id="001" x="262" y="636" curvePoint="true"/>
<arcpath id="002" x="652" y="562" curvePoint="true"/>
<arcpath id="003" x="726" y="314" curvePoint="true"/>
<arcpath id="004" x="602" y="226" curvePoint="true"/>
<arcpath id="005" x="578" y="211" curvePoint="false"/>
<type value="inhibitor"/>
</arc>
<arc id="SMPnotready to Fromglobal3" source="SMPnotready" target="Fromglobal3">
<graphics/>
<inscription>
<value/>
<graphics/>
</inscription>
<tagged>
<value/>
</tagged>
<arcpath id="000" x="148" y="568" curvePoint="false"/>
<arcpath id="001" x="11" y="434" curvePoint="true"/>
<arcpath id="002" x="86" y="150" curvePoint="true"/>
<arcpath id="003" x="290" y="152" curvePoint="false"/>
<type value="inhibitor"/>
</arc>
<arc id="SMPnotready to StartSMP" source="SMPnotready" target="StartSMP">
<graphics/>
<inscription>
<value>Default,1</value>
<graphics/>
</inscription>
<tagged>
<value>false</value>
</tagged>
<arcpath id="000" x="147" y="574" curvePoint="false"/>
<arcpath id="001" x="110" y="574" curvePoint="false"/>
<type value="normal"/>
</arc>
<arc id="StartSMP to SMPready" source="StartSMP" target="SMPready">
<graphics/>
<inscription>
<value>Default,1</value>
<graphics/>
</inscription>
<tagged>
<value>false</value>
</tagged>
<arcpath id="000" x="80" y="573" curvePoint="false"/>
<arcpath id="001" x="45" y="573" curvePoint="false"/>
<type value="normal"/>
</arc>
<arc id="TG to Globalqueue" source="TG" target="Globalqueue">
<graphics/>
<inscription>
<value>Default,1</value>
<graphics/>
</inscription>
<tagged>
<value>false</value>
</tagged>
<arcpath id="000" x="617" y="37" curvePoint="false"/>
<arcpath id="001" x="578" y="60" curvePoint="true"/>
<type value="normal"/>
</arc>
<arc id="Toexec0 to Exec0" source="Toexec0" target="Exec0">
<graphics/>
<inscription>
<value>Default,1</value>
<graphics/>
</inscription>
<tagged>
<value>false</value>
</tagged>
<arcpath id="000" x="95" y="372" curvePoint="false"/>
<arcpath id="001" x="56" y="431" curvePoint="true"/>
<type value="normal"/>
</arc>
<arc id="Toexec0 to Execempty0" source="Toexec0" target="Execempty0">
<graphics/>
<inscription>
<value>Default,1</value>
<graphics/>
</inscription>
<tagged>
<value>false</value>
</tagged>
<arcpath id="000" x="107" y="377" curvePoint="false"/>
<arcpath id="001" x="107" y="474" curvePoint="false"/>
<type value="normal"/>
</arc>
<arc id="Toexec1 to Exec1" source="Toexec1" target="Exec1">
<graphics/>
<inscription>
<value>Default,1</value>
<graphics/>
</inscription>
<tagged>
<value>false</value>
</tagged>
<arcpath id="000" x="478" y="511" curvePoint="false"/>
<arcpath id="001" x="511" y="525" curvePoint="true"/>
<arcpath id="002" x="550" y="566" curvePoint="false"/>
<type value="normal"/>
</arc>
<arc id="Toexec1 to Execempty1" source="Toexec1" target="Execempty1">
<graphics/>
<inscription>
<value>Default,1</value>
<graphics/>
</inscription>
<tagged>
<value>false</value>
</tagged>
<arcpath id="000" x="478" y="510" curvePoint="false"/>
<arcpath id="001" x="595" y="510" curvePoint="false"/>
<type value="normal"/>
</arc>
<arc id="Toexec2 to Exec2" source="Toexec2" target="Exec2">
<graphics/>
<inscription>
<value>Default,1</value>
<graphics/>
</inscription>
<tagged>
<value>false</value>
</tagged>
<arcpath id="000" x="676" y="206" curvePoint="false"/>
<arcpath id="001" x="708" y="170" curvePoint="true"/>
<type value="normal"/>
</arc>
<arc id="Toexec2 to Execempty2" source="Toexec2" target="Execempty2">
<graphics/>
<inscription>
<value>Default,1</value>
<graphics/>
</inscription>
<tagged>
<value>false</value>
</tagged>
<arcpath id="000" x="662" y="197" curvePoint="false"/>
<arcpath id="001" x="662" y="142" curvePoint="false"/>
<type value="normal"/>
</arc>
<arc id="Toexec3 to Exec3" source="Toexec3" target="Exec3">
<graphics/>
<inscription>
<value>Default,1</value>
<graphics/>
</inscription>
<tagged>
<value>false</value>
</tagged>
<arcpath id="000" x="290" y="63" curvePoint="false"/>
<arcpath id="001" x="262" y="44" curvePoint="true"/>
<arcpath id="002" x="247" y="25" curvePoint="false"/>
<type value="normal"/>
</arc>
<arc id="Toexec3 to Execempty3" source="Toexec3" target="Execempty3">
<graphics/>
<inscription>
<value>Default,1</value>
<graphics/>
</inscription>
<tagged>
<value>false</value>
</tagged>
<arcpath id="000" x="290" y="67" curvePoint="false"/>
<arcpath id="001" x="195" y="67" curvePoint="false"/>
<type value="normal"/>
</arc>
<arc id="Unqueue1 to Toexec1" source="Unqueue1" target="Toexec1">
<graphics/>
<inscription>
<value>Default,1</value>
<graphics/>
</inscription>
<tagged>
<value>false</value>
</tagged>
<arcpath id="000" x="394" y="510" curvePoint="false"/>
<arcpath id="001" x="448" y="510" curvePoint="false"/>
<type value="normal"/>
</arc>
<arc id="Unqueue2 to Toexec2" source="Unqueue2" target="Toexec2">
<graphics/>
<inscription>
<value>Default,1</value>
<graphics/>
</inscription>
<tagged>
<value>false</value>
</tagged>
<arcpath id="000" x="662" y="283" curvePoint="false"/>
<arcpath id="001" x="662" y="227" curvePoint="false"/>
<type value="normal"/>
</arc>
<arc id="Unqueue3 to Toexec3" source="Unqueue3" target="Toexec3">
<graphics/>
<inscription>
<value>Default,1</value>
<graphics/>
</inscription>
<tagged>
<value>false</value>
</tagged>
<arcpath id="000" x="360" y="67" curvePoint="false"/>
<arcpath id="001" x="320" y="67" curvePoint="false"/>
<type value="normal"/>
</arc>
<arc id="Unqueue to Toexec0" source="Unqueue" target="Toexec0">
<graphics/>
<inscription>
<value>Default,1</value>
<graphics/>
</inscription>
<tagged>
<value>false</value>
</tagged>
<arcpath id="000" x="107" y="290" curvePoint="false"/>
<arcpath id="001" x="107" y="347" curvePoint="false"/>
<type value="normal"/>
</arc>
</net>
</pnml>
