<?xml version="1.0" encoding="ISO-8859-1"?><pnml>
<net id="Net-One" type="P/T net">
<token id="Default" enabled="true" red="0" green="0" blue="0"/>
<place id="Cantq">
<graphics>
<position x="648.0" y="247.0"/>
</graphics>
<name>
<value>Cantq</value>
<graphics>
<offset x="0.0" y="0.0"/>
</graphics>
</name>
<initialMarking>
<value>Default,0</value>
<graphics>
<offset x="0.0" y="0.0"/>
</graphics>
</initialMarking>
<capacity>
<value>0</value>
</capacity>
</place>
<place id="CPU">
<graphics>
<position x="495.0" y="172.0"/>
</graphics>
<name>
<value>CPU</value>
<graphics>
<offset x="0.0" y="0.0"/>
</graphics>
</name>
<initialMarking>
<value>Default,1</value>
<graphics>
<offset x="0.0" y="0.0"/>
</graphics>
</initialMarking>
<capacity>
<value>0</value>
</capacity>
</place>
<place id="Executing">
<graphics>
<position x="269.0" y="172.0"/>
</graphics>
<name>
<value>Executing</value>
<graphics>
<offset x="0.0" y="0.0"/>
</graphics>
</name>
<initialMarking>
<value>Default,0</value>
<graphics>
<offset x="0.0" y="0.0"/>
</graphics>
</initialMarking>
<capacity>
<value>0</value>
</capacity>
</place>
<place id="Globalqueue">
<graphics>
<position x="495.0" y="435.0"/>
</graphics>
<name>
<value>Globalqueue</value>
<graphics>
<offset x="0.0" y="0.0"/>
</graphics>
</name>
<initialMarking>
<value>Default,0</value>
<graphics>
<offset x="0.0" y="0.0"/>
</graphics>
</initialMarking>
<capacity>
<value>0</value>
</capacity>
</place>
<place id="Queue">
<graphics>
<position x="435.0" y="247.0"/>
</graphics>
<name>
<value>Queue</value>
<graphics>
<offset x="0.0" y="0.0"/>
</graphics>
</name>
<initialMarking>
<value>Default,0</value>
<graphics>
<offset x="0.0" y="0.0"/>
</graphics>
</initialMarking>
<capacity>
<value>0</value>
</capacity>
</place>
<place id="Toexec">
<graphics>
<position x="337.0" y="337.0"/>
</graphics>
<name>
<value>Toexec</value>
<graphics>
<offset x="0.0" y="0.0"/>
</graphics>
</name>
<initialMarking>
<value>Default,0</value>
<graphics>
<offset x="0.0" y="0.0"/>
</graphics>
</initialMarking>
<capacity>
<value>0</value>
</capacity>
</place>
<transition id="Addtoqueue">
<graphics>
<position x="540.0" y="247.0"/>
</graphics>
<name>
<value>Addtoqueue</value>
<graphics>
<offset x="44.0" y="29.0"/>
</graphics>
</name>
<orientation>
<value>90</value>
</orientation>
<rate>
<value>1.0</value>
</rate>
<timed>
<value>false</value>
</timed>
<infiniteServer>
<value>false</value>
</infiniteServer>
<priority>
<value>1</value>
</priority>
</transition>
<transition id="Exec">
<graphics>
<position x="337.0" y="435.0"/>
</graphics>
<name>
<value>Exec</value>
<graphics>
<offset x="31.0" y="29.0"/>
</graphics>
</name>
<orientation>
<value>90</value>
</orientation>
<rate>
<value>1.0</value>
</rate>
<timed>
<value>false</value>
</timed>
<infiniteServer>
<value>false</value>
</infiniteServer>
<priority>
<value>1</value>
</priority>
</transition>
<transition id="Execempty">
<graphics>
<position x="270.0" y="397.0"/>
</graphics>
<name>
<value>Execempty</value>
<graphics>
<offset x="42.0" y="34.0"/>
</graphics>
</name>
<orientation>
<value>90</value>
</orientation>
<rate>
<value>1.0</value>
</rate>
<timed>
<value>false</value>
</timed>
<infiniteServer>
<value>false</value>
</infiniteServer>
<priority>
<value>1</value>
</priority>
</transition>
<transition id="Fromglobal">
<graphics>
<position x="495.0" y="337.0"/>
</graphics>
<name>
<value>Fromglobal</value>
<graphics>
<offset x="42.0" y="31.0"/>
</graphics>
</name>
<orientation>
<value>270</value>
</orientation>
<rate>
<value>1.0</value>
</rate>
<timed>
<value>false</value>
</timed>
<infiniteServer>
<value>false</value>
</infiniteServer>
<priority>
<value>1</value>
</priority>
</transition>
<transition id="Remove">
<graphics>
<position x="570.0" y="180.0"/>
</graphics>
<name>
<value>Remove</value>
<graphics>
<offset x="40.0" y="29.0"/>
</graphics>
</name>
<orientation>
<value>90</value>
</orientation>
<rate>
<value>1.0</value>
</rate>
<timed>
<value>false</value>
</timed>
<infiniteServer>
<value>false</value>
</infiniteServer>
<priority>
<value>1</value>
</priority>
</transition>
<transition id="Removeglobal">
<graphics>
<position x="600.0" y="375.0"/>
</graphics>
<name>
<value>Removeglobal</value>
<graphics>
<offset x="55.0" y="30.0"/>
</graphics>
</name>
<orientation>
<value>90</value>
</orientation>
<rate>
<value>1.0</value>
</rate>
<timed>
<value>false</value>
</timed>
<infiniteServer>
<value>false</value>
</infiniteServer>
<priority>
<value>1</value>
</priority>
</transition>
<transition id="ReturnCPU">
<graphics>
<position x="345.0" y="172.0"/>
</graphics>
<name>
<value>ReturnCPU</value>
<graphics>
<offset x="43.0" y="31.0"/>
</graphics>
</name>
<orientation>
<value>90</value>
</orientation>
<rate>
<value>1.0</value>
</rate>
<timed>
<value>false</value>
</timed>
<infiniteServer>
<value>false</value>
</infiniteServer>
<priority>
<value>1</value>
</priority>
</transition>
<transition id="TG">
<graphics>
<position x="600.0" y="435.0"/>
</graphics>
<name>
<value>TG</value>
<graphics>
<offset x="26.0" y="31.0"/>
</graphics>
</name>
<orientation>
<value>90</value>
</orientation>
<rate>
<value>1.0</value>
</rate>
<timed>
<value>false</value>
</timed>
<infiniteServer>
<value>false</value>
</infiniteServer>
<priority>
<value>1</value>
</priority>
</transition>
<transition id="Unqueue">
<graphics>
<position x="337.0" y="247.0"/>
</graphics>
<name>
<value>Unqueue</value>
<graphics>
<offset x="40.0" y="33.0"/>
</graphics>
</name>
<orientation>
<value>90</value>
</orientation>
<rate>
<value>1.0</value>
</rate>
<timed>
<value>false</value>
</timed>
<infiniteServer>
<value>false</value>
</infiniteServer>
<priority>
<value>1</value>
</priority>
</transition>
<arc id="Addtoqueue to Cantq" source="Addtoqueue" target="Cantq">
<graphics/>
<inscription>
<value>Default,1</value>
<graphics/>
</inscription>
<tagged>
<value>false</value>
</tagged>
<arcpath id="000" x="566" y="259" curvePoint="false"/>
<arcpath id="001" x="645" y="259" curvePoint="false"/>
<type value="normal"/>
</arc>
<arc id="Addtoqueue to Queue" source="Addtoqueue" target="Queue">
<graphics/>
<inscription>
<value>Default,1</value>
<graphics/>
</inscription>
<tagged>
<value>false</value>
</tagged>
<arcpath id="000" x="536" y="259" curvePoint="false"/>
<arcpath id="001" x="461" y="259" curvePoint="false"/>
<type value="normal"/>
</arc>
<arc id="Cantq to Addtoqueue" source="Cantq" target="Addtoqueue">
<graphics/>
<inscription>
<value/>
<graphics/>
</inscription>
<tagged>
<value/>
</tagged>
<arcpath id="000" x="647" y="267" curvePoint="false"/>
<arcpath id="001" x="604" y="297" curvePoint="false"/>
<arcpath id="002" x="551" y="263" curvePoint="false"/>
<type value="inhibitor"/>
</arc>
<arc id="Cantq to Exec" source="Cantq" target="Exec">
<graphics/>
<inscription>
<value>Default,1</value>
<graphics/>
</inscription>
<tagged>
<value>false</value>
</tagged>
<arcpath id="000" x="650" y="270" curvePoint="false"/>
<arcpath id="001" x="529" y="409" curvePoint="false"/>
<arcpath id="002" x="379" y="409" curvePoint="false"/>
<arcpath id="003" x="379" y="432" curvePoint="false"/>
<arcpath id="004" x="363" y="447" curvePoint="false"/>
<type value="normal"/>
</arc>
<arc id="Cantq to Execempty" source="Cantq" target="Execempty">
<graphics/>
<inscription>
<value/>
<graphics/>
</inscription>
<tagged>
<value/>
</tagged>
<arcpath id="000" x="649" y="269" curvePoint="false"/>
<arcpath id="001" x="529" y="387" curvePoint="false"/>
<arcpath id="002" x="319" y="387" curvePoint="false"/>
<arcpath id="003" x="286" y="404" curvePoint="false"/>
<type value="inhibitor"/>
</arc>
<arc id="CPU to Fromglobal" source="CPU" target="Fromglobal">
<graphics/>
<inscription>
<value>Default,1</value>
<graphics/>
</inscription>
<tagged>
<value>false</value>
</tagged>
<arcpath id="000" x="507" y="198" curvePoint="false"/>
<arcpath id="001" x="507" y="344" curvePoint="false"/>
<type value="normal"/>
</arc>
<arc id="CPU to Unqueue" source="CPU" target="Unqueue">
<graphics/>
<inscription>
<value>Default,1</value>
<graphics/>
</inscription>
<tagged>
<value>false</value>
</tagged>
<arcpath id="000" x="493" y="191" curvePoint="false"/>
<arcpath id="001" x="363" y="259" curvePoint="false"/>
<type value="normal"/>
</arc>
<arc id="Execempty to Executing" source="Execempty" target="Executing">
<graphics/>
<inscription>
<value>Default,1</value>
<graphics/>
</inscription>
<tagged>
<value>false</value>
</tagged>
<arcpath id="000" x="266" y="409" curvePoint="false"/>
<arcpath id="001" x="244" y="409" curvePoint="false"/>
<arcpath id="002" x="244" y="207" curvePoint="false"/>
<arcpath id="003" x="268" y="191" curvePoint="false"/>
<type value="normal"/>
</arc>
<arc id="Exec to Executing" source="Exec" target="Executing">
<graphics/>
<inscription>
<value>Default,1</value>
<graphics/>
</inscription>
<tagged>
<value>false</value>
</tagged>
<arcpath id="000" x="333" y="447" curvePoint="false"/>
<arcpath id="001" x="214" y="447" curvePoint="false"/>
<arcpath id="002" x="214" y="184" curvePoint="false"/>
<arcpath id="003" x="266" y="184" curvePoint="false"/>
<type value="normal"/>
</arc>
<arc id="Executing to ReturnCPU" source="Executing" target="ReturnCPU">
<graphics/>
<inscription>
<value>Default,1</value>
<graphics/>
</inscription>
<tagged>
<value>false</value>
</tagged>
<arcpath id="000" x="295" y="184" curvePoint="false"/>
<arcpath id="001" x="341" y="184" curvePoint="false"/>
<type value="normal"/>
</arc>
<arc id="Fromglobal to Toexec" source="Fromglobal" target="Toexec">
<graphics/>
<inscription>
<value>Default,1</value>
<graphics/>
</inscription>
<tagged>
<value>false</value>
</tagged>
<arcpath id="000" x="492" y="348" curvePoint="false"/>
<arcpath id="001" x="363" y="348" curvePoint="false"/>
<type value="normal"/>
</arc>
<arc id="Globalqueue to Fromglobal" source="Globalqueue" target="Fromglobal">
<graphics/>
<inscription>
<value>Default,1</value>
<graphics/>
</inscription>
<tagged>
<value>false</value>
</tagged>
<arcpath id="000" x="507" y="432" curvePoint="false"/>
<arcpath id="001" x="507" y="354" curvePoint="false"/>
<type value="normal"/>
</arc>
<arc id="Globalqueue to Removeglobal" source="Globalqueue" target="Removeglobal">
<graphics/>
<inscription>
<value>Default,1</value>
<graphics/>
</inscription>
<tagged>
<value>false</value>
</tagged>
<arcpath id="000" x="519" y="438" curvePoint="false"/>
<arcpath id="001" x="596" y="387" curvePoint="false"/>
<type value="normal"/>
</arc>
<arc id="Queue to Remove" source="Queue" target="Remove">
<graphics/>
<inscription>
<value>Default,1</value>
<graphics/>
</inscription>
<tagged>
<value>false</value>
</tagged>
<arcpath id="000" x="460" y="251" curvePoint="false"/>
<arcpath id="001" x="566" y="192" curvePoint="false"/>
<type value="normal"/>
</arc>
<arc id="Queue to Unqueue" source="Queue" target="Unqueue">
<graphics/>
<inscription>
<value>Default,1</value>
<graphics/>
</inscription>
<tagged>
<value>false</value>
</tagged>
<arcpath id="000" x="432" y="259" curvePoint="false"/>
<arcpath id="001" x="363" y="259" curvePoint="false"/>
<type value="normal"/>
</arc>
<arc id="ReturnCPU to CPU" source="ReturnCPU" target="CPU">
<graphics/>
<inscription>
<value>Default,1</value>
<graphics/>
</inscription>
<tagged>
<value>false</value>
</tagged>
<arcpath id="000" x="371" y="184" curvePoint="false"/>
<arcpath id="001" x="492" y="184" curvePoint="false"/>
<type value="normal"/>
</arc>
<arc id="TG to Globalqueue" source="TG" target="Globalqueue">
<graphics/>
<inscription>
<value>Default,1</value>
<graphics/>
</inscription>
<tagged>
<value>false</value>
</tagged>
<arcpath id="000" x="596" y="447" curvePoint="false"/>
<arcpath id="001" x="522" y="447" curvePoint="false"/>
<type value="normal"/>
</arc>
<arc id="Toexec to Exec" source="Toexec" target="Exec">
<graphics/>
<inscription>
<value>Default,1</value>
<graphics/>
</inscription>
<tagged>
<value>false</value>
</tagged>
<arcpath id="000" x="348" y="363" curvePoint="false"/>
<arcpath id="001" x="348" y="441" curvePoint="false"/>
<type value="normal"/>
</arc>
<arc id="Toexec to Execempty" source="Toexec" target="Execempty">
<graphics/>
<inscription>
<value>Default,1</value>
<graphics/>
</inscription>
<tagged>
<value>false</value>
</tagged>
<arcpath id="000" x="337" y="358" curvePoint="false"/>
<arcpath id="001" x="276" y="403" curvePoint="false"/>
<type value="normal"/>
</arc>
<arc id="Unqueue to Toexec" source="Unqueue" target="Toexec">
<graphics/>
<inscription>
<value>Default,1</value>
<graphics/>
</inscription>
<tagged>
<value>false</value>
</tagged>
<arcpath id="000" x="348" y="263" curvePoint="false"/>
<arcpath id="001" x="348" y="334" curvePoint="false"/>
<type value="normal"/>
</arc>
</net>
</pnml>
